payment_id,order_id,amount,payment_method
1,1001,654.0,Apple Pay
2,1002,358.0,Credit Card
3,1003,1888.0,Cash
4,1004,1290.0,Google Pay
5,1005,1901.0,Card
6,1006,419.0,cash 
7,1007,821.0,Cash
8,1008,473.0,Cash
9,1009,1843.0,Bank Transfer
10,1010,1208.0,cash 
11,1011,1420.0,card
12,1012,665.0,Cash
13,1013,1655.0,Credit Card
14,1014,1395.0,Credit Card
15,1015,1532.0,Card
16,1016,2041.0,Apple Pay
17,1017,464.0,Card
18,1018,681.0,Credit Card
19,1019,1022.0,Bank Transfer
20,1020,2237.0,Apple Pay
21,1021,1854.0,Bank Transfer
22,1022,713.0,Apple Pay
23,1023,1570.0,card
24,1024,1167.0,Bank Transfer
25,1025,1897.0,Cash
26,1026,1631.0,card
27,1027,1423.0,Credit Card
28,1028,618.0,Bank Transfer
29,1029,662.0,cash 
30,1030,1769.0,Bank Transfer
31,1031,2160.0,Apple Pay
32,1032,1035.0,cash 
33,1033,2204.0,Card
34,1034,1088.0,Card
35,1035,474.0,Cash
36,1036,767.0,Bank Transfer
37,1037,1924.0,Card
38,1038,1342.0,Google Pay
39,1039,832.0,Google Pay
40,1040,1557.0,cash 
41,1041,2087.0,Cash
42,1042,1813.0,Credit Card
43,1043,1260.0,Google Pay
44,1044,223.0,Cash
45,1045,284.0,card
46,1046,705.0,Card
47,1047,1550.0,Cash
48,1048,1569.0,Cash
49,1049,1337.0,Google Pay
50,1050,1635.0,card
51,1051,1219.0,Bank Transfer
52,1052,1873.0,card
53,1053,2270.0,Google Pay
54,1054,763.0,Cash
55,1055,1019.0,Bank Transfer
56,1056,2309.0,Credit Card
57,1057,2010.0,cash 
58,1058,353.0,Bank Transfer
59,1059,2308.0,Credit Card
60,1060,558.0,Credit Card
61,1061,1467.0,Google Pay
62,1062,562.0,Google Pay
63,1063,2428.0,Credit Card
64,1064,382.0,Card
65,1065,174.0,Bank Transfer
66,1066,1713.0,Google Pay
67,1067,2033.0,Bank Transfer
68,1068,1357.0,Cash
69,1069,1357.0,Apple Pay
70,1070,257.0,Google Pay
71,1071,1391.0,Cash
72,1072,1313.0,Bank Transfer
73,1073,931.0,Cash
74,1074,1977.0,Google Pay
75,1075,1548.0,cash 
76,1076,1534.0,Google Pay
77,1077,536.0,Credit Card
78,1078,1547.0,Credit Card
79,1079,611.0,Cash
80,1080,622.0,Cash
81,1081,1275.0,Cash
82,1082,1995.0,Card
83,1083,1310.0,Card
84,1084,2419.0,Apple Pay
85,1085,1607.0,Credit Card
86,1086,831.0,Card
87,1087,1730.0,Bank Transfer
88,1088,1381.0,Bank Transfer
89,1089,2233.0,Cash
90,1090,1132.0,Bank Transfer
91,1091,1269.0,Google Pay
92,1092,1478.0,Google Pay
93,1093,1666.0,Cash
94,1094,373.0,Cash
95,1095,2256.0,Google Pay
96,1096,1030.0,Apple Pay
97,1097,1402.0,Bank Transfer
98,1098,696.0,cash 
99,1099,1226.0,Cash
100,1100,2241.0,Card
101,1101,1676.0,Bank Transfer
102,1102,489.0,Cash
103,1103,599.0,Bank Transfer
104,1104,1929.0,Google Pay
105,1105,2375.0,Apple Pay
106,1106,440.0,Credit Card
107,1107,,cash 
108,1108,2435.0,Card
109,1109,1956.0,Google Pay
110,1110,1323.0,card
111,1111,597.0,Bank Transfer
112,1112,2299.0,Bank Transfer
113,1113,385.0,Bank Transfer
114,1114,2293.0,Apple Pay
115,1115,526.0,Apple Pay
116,1116,277.0,Bank Transfer
117,1117,1943.0,Google Pay
118,1118,,Apple Pay
119,1119,2266.0,Card
120,1120,604.0,cash 
121,1121,1588.0,card
122,1122,2250.0,cash 
123,1123,143.0,Google Pay
124,1124,1936.0,Cash
125,1125,512.0,Card
126,1126,114.0,Apple Pay
127,1127,249.0,Apple Pay
128,1128,281.0,Credit Card
129,1129,1356.0,Cash
130,1130,1743.0,Google Pay
131,1131,767.0,cash 
132,1132,1611.0,Cash
133,1133,2253.0,Bank Transfer
134,1134,1946.0,Card
135,1135,1044.0,Google Pay
136,1136,1569.0,card
137,1137,211.0,card
138,1138,1291.0,Card
139,1139,2011.0,Apple Pay
140,1140,1209.0,cash 
141,1141,2086.0,Bank Transfer
142,1142,1568.0,Cash
143,1143,116.0,Google Pay
144,1144,1605.0,Apple Pay
145,1145,2059.0,Bank Transfer
146,1146,803.0,Card
147,1147,76.0,cash 
148,1148,,Bank Transfer
149,1149,2029.0,Bank Transfer
150,1150,2218.0,Google Pay
151,1151,1813.0,Credit Card
152,1152,2206.0,Google Pay
153,1153,1713.0,Bank Transfer
154,1154,380.0,Card
155,1155,88.0,Credit Card
156,1156,440.0,Card
157,1157,240.0,card
158,1158,1338.0,Card
159,1159,365.0,Google Pay
160,1160,2264.0,Cash
161,1161,2101.0,Cash
162,1162,2489.0,cash 
163,1163,1895.0,Bank Transfer
164,1164,2449.0,cash 
165,1165,1147.0,Credit Card
166,1166,424.0,Card
167,1167,407.0,Credit Card
168,1168,157.0,card
169,1169,1627.0,Card
170,1170,2341.0,Apple Pay
171,1171,1151.0,Google Pay
172,1172,1774.0,Google Pay
173,1173,2080.0,Apple Pay
174,1174,1410.0,cash 
175,1175,2484.0,Credit Card
176,1176,1336.0,Credit Card
177,1177,2408.0,Apple Pay
178,1178,516.0,Apple Pay
179,1179,1940.0,Apple Pay
180,1180,1725.0,Bank Transfer
181,1181,1783.0,cash 
182,1182,2125.0,cash 
183,1183,2249.0,card
184,1184,231.0,cash 
185,1185,1109.0,Apple Pay
186,1186,1875.0,Cash
187,1187,667.0,Cash
188,1188,401.0,card
189,1189,897.0,Bank Transfer
190,1190,1356.0,card
191,1191,1455.0,card
192,1192,705.0,Cash
193,1193,805.0,Credit Card
194,1194,858.0,Bank Transfer
195,1195,1190.0,card
196,1196,1385.0,Apple Pay
197,1197,1333.0,cash 
198,1198,1925.0,Credit Card
199,1199,1332.0,card
200,1200,2142.0,cash 
201,1201,2251.0,Credit Card
202,1202,1897.0,Card
203,1203,2350.0,Bank Transfer
204,1204,735.0,card
205,1205,1175.0,Apple Pay
206,1206,2078.0,card
207,1207,1552.0,Card
208,1208,1063.0,Google Pay
209,1209,1848.0,card
210,1210,1486.0,cash 
211,1211,293.0,Cash
212,1212,1248.0,Google Pay
213,1213,440.0,Credit Card
214,1214,569.0,Credit Card
215,1215,1658.0,Bank Transfer
216,1216,431.0,cash 
217,1217,2049.0,Cash
218,1218,1927.0,Cash
219,1219,2076.0,Google Pay
220,1220,2037.0,Cash
221,1221,1932.0,Card
222,1222,1802.0,Apple Pay
223,1223,1172.0,card
224,1224,727.0,Card
225,1225,423.0,card
226,1226,2177.0,Bank Transfer
227,1227,1779.0,Credit Card
228,1228,469.0,card
229,1229,595.0,Credit Card
230,1230,922.0,Credit Card
231,1231,554.0,cash 
232,1232,395.0,Apple Pay
233,1233,1285.0,Apple Pay
234,1234,273.0,Apple Pay
235,1235,340.0,Card
236,1236,1773.0,Cash
237,1237,348.0,Card
238,1238,297.0,cash 
239,1239,1784.0,cash 
240,1240,882.0,Credit Card
241,1241,320.0,Google Pay
242,1242,1051.0,card
243,1243,769.0,card
244,1244,1470.0,Google Pay
245,1245,533.0,Card
246,1246,2411.0,card
247,1247,2371.0,Credit Card
248,1248,522.0,Apple Pay
249,1249,1051.0,Card
250,1250,194.0,cash 
251,1251,1161.0,card
252,1252,784.0,Apple Pay
253,1253,1206.0,Google Pay
254,1254,1244.0,Google Pay
255,1255,850.0,Apple Pay
256,1256,89.0,Cash
257,1257,2220.0,Apple Pay
258,1258,1196.0,card
259,1259,1927.0,card
260,1260,356.0,Card
261,1261,1659.0,Cash
262,1262,607.0,card
263,1263,544.0,Cash
264,1264,541.0,card
265,1265,1392.0,Credit Card
266,1266,1274.0,Google Pay
267,1267,2303.0,Apple Pay
268,1268,98.0,Card
269,1269,394.0,Google Pay
270,1270,577.0,card
271,1271,2400.0,cash 
272,1272,757.0,Cash
273,1273,191.0,Apple Pay
274,1274,299.0,card
275,1275,2203.0,Apple Pay
276,1276,2280.0,Bank Transfer
277,1277,1356.0,Apple Pay
278,1278,1514.0,Apple Pay
279,1279,279.0,Apple Pay
280,1280,761.0,Credit Card
281,1281,2473.0,Card
282,1282,821.0,Bank Transfer
283,1283,1002.0,Apple Pay
284,1284,875.0,Credit Card
285,1285,139.0,Credit Card
286,1286,1544.0,card
287,1287,608.0,Credit Card
288,1288,1349.0,Credit Card
289,1289,1599.0,Google Pay
290,1290,,cash 
291,1291,954.0,card
292,1292,1358.0,Credit Card
293,1293,1425.0,Bank Transfer
294,1294,1101.0,card
295,1295,731.0,cash 
296,1296,2013.0,Apple Pay
297,1297,132.0,Cash
298,1298,709.0,card
299,1299,2027.0,Card
300,1300,464.0,Cash
301,1301,2262.0,Google Pay
302,1302,2391.0,Bank Transfer
303,1303,2017.0,Apple Pay
304,1304,385.0,Bank Transfer
305,1305,1135.0,card
306,1306,814.0,Bank Transfer
307,1307,1150.0,Card
308,1308,1745.0,Apple Pay
309,1309,2243.0,Bank Transfer
310,1310,192.0,Credit Card
311,1311,917.0,Apple Pay
312,1312,877.0,Credit Card
313,1313,324.0,card
314,1314,1926.0,Card
315,1315,657.0,card
316,1316,1458.0,cash 
317,1317,203.0,Credit Card
318,1318,1695.0,Card
319,1319,1150.0,Cash
320,1320,2063.0,card
321,1321,1364.0,Google Pay
322,1322,915.0,cash 
323,1323,280.0,Credit Card
324,1324,2197.0,Card
325,1325,1919.0,Card
326,1326,1675.0,card
327,1327,777.0,Bank Transfer
328,1328,420.0,Google Pay
329,1329,927.0,Apple Pay
330,1330,2152.0,Card
331,1331,84.0,Apple Pay
332,1332,1785.0,cash 
333,1333,2182.0,cash 
334,1334,1582.0,Google Pay
335,1335,1381.0,Google Pay
336,1336,282.0,cash 
337,1337,2087.0,Google Pay
338,1338,2393.0,Apple Pay
339,1339,1518.0,Google Pay
340,1340,1109.0,Credit Card
341,1341,1307.0,cash 
342,1342,532.0,Bank Transfer
343,1343,1613.0,Google Pay
344,1344,1726.0,Bank Transfer
345,1345,1412.0,Credit Card
346,1346,740.0,Credit Card
347,1347,1702.0,cash 
348,1348,1578.0,Card
349,1349,1069.0,Apple Pay
350,1350,2461.0,Google Pay
351,1351,2181.0,Cash
352,1352,821.0,Credit Card
353,1353,915.0,Card
354,1354,203.0,cash 
355,1355,246.0,card
356,1356,1607.0,card
357,1357,88.0,Google Pay
358,1358,611.0,cash 
359,1359,485.0,Bank Transfer
360,1360,876.0,Cash
361,1361,900.0,Bank Transfer
362,1362,502.0,Bank Transfer
363,1363,464.0,Google Pay
364,1364,1951.0,Card
365,1365,1330.0,cash 
366,1366,89.0,Credit Card
367,1367,1148.0,card
368,1368,1919.0,Google Pay
369,1369,733.0,card
370,1370,2027.0,Bank Transfer
371,1371,585.0,Bank Transfer
372,1372,1337.0,Card
373,1373,967.0,Cash
374,1374,1068.0,Bank Transfer
375,1375,273.0,Card
376,1376,727.0,card
377,1377,256.0,Apple Pay
378,1378,1869.0,Bank Transfer
379,1379,122.0,card
380,1380,,card
381,1381,1918.0,Cash
382,1382,1987.0,Cash
383,1383,58.0,Cash
384,1384,237.0,Credit Card
385,1385,1091.0,Apple Pay
386,1386,830.0,Cash
387,1387,2461.0,card
388,1388,601.0,Bank Transfer
389,1389,2028.0,Credit Card
390,1390,1368.0,cash 
391,1391,1254.0,Bank Transfer
392,1392,2148.0,Google Pay
393,1393,940.0,Apple Pay
394,1394,778.0,Cash
395,1395,2387.0,cash 
396,1396,153.0,cash 
397,1397,709.0,Google Pay
398,1398,1258.0,Apple Pay
399,1399,2351.0,Apple Pay
400,1400,1228.0,Card
401,1401,1330.0,Card
402,1402,1864.0,Apple Pay
403,1403,854.0,Apple Pay
404,1404,761.0,card
405,1405,709.0,Google Pay
406,1406,679.0,Cash
407,1407,1283.0,Bank Transfer
408,1408,950.0,Credit Card
409,1409,2249.0,cash 
410,1410,1406.0,Cash
411,1411,2349.0,Card
412,1412,1048.0,Card
413,1413,1630.0,Google Pay
414,1414,1585.0,Bank Transfer
415,1415,2154.0,card
416,1416,,card
417,1417,2252.0,cash 
418,1418,1408.0,Card
419,1419,338.0,Apple Pay
420,1420,1345.0,Card
421,1421,309.0,Card
422,1422,1284.0,card
423,1423,1991.0,Credit Card
424,1424,2285.0,Google Pay
425,1425,1578.0,Card
426,1426,1664.0,card
427,1427,917.0,cash 
428,1428,1085.0,Apple Pay
429,1429,2298.0,Bank Transfer
430,1430,858.0,Bank Transfer
431,1431,1217.0,card
432,1432,1302.0,Credit Card
433,1433,69.0,Cash
434,1434,1522.0,Credit Card
435,1435,1301.0,Bank Transfer
436,1436,1199.0,Credit Card
437,1437,358.0,Card
438,1438,921.0,Card
439,1439,658.0,Cash
440,1440,598.0,Bank Transfer
441,1441,1028.0,Credit Card
442,1442,2367.0,Credit Card
443,1443,999.0,card
444,1444,1529.0,cash 
445,1445,472.0,Google Pay
446,1446,1600.0,Cash
447,1447,962.0,cash 
448,1448,77.0,Credit Card
449,1449,916.0,Credit Card
450,1450,993.0,cash 
451,1451,2469.0,Credit Card
452,1452,2476.0,Credit Card
453,1453,731.0,Google Pay
454,1454,126.0,Google Pay
455,1455,2022.0,Credit Card
456,1456,794.0,Google Pay
457,1457,1599.0,cash 
458,1458,2115.0,cash 
459,1459,209.0,card
460,1460,54.0,cash 
461,1461,1807.0,Apple Pay
462,1462,2409.0,card
463,1463,393.0,Google Pay
464,1464,79.0,card
465,1465,1343.0,cash 
466,1466,1120.0,cash 
467,1467,884.0,cash 
468,1468,1089.0,Google Pay
469,1469,537.0,Apple Pay
470,1470,1436.0,Card
471,1471,645.0,Bank Transfer
472,1472,377.0,Card
473,1473,2497.0,Card
474,1474,2172.0,Google Pay
475,1475,998.0,Credit Card
476,1476,,Credit Card
477,1477,1710.0,Apple Pay
478,1478,2301.0,Google Pay
479,1479,846.0,Bank Transfer
480,1480,2338.0,card
481,1481,1105.0,Google Pay
482,1482,1441.0,Bank Transfer
483,1483,1106.0,card
484,1484,1739.0,Cash
485,1485,430.0,cash 
486,1486,1335.0,Cash
487,1487,828.0,Bank Transfer
488,1488,896.0,Apple Pay
489,1489,541.0,card
490,1490,223.0,Bank Transfer
491,1491,2403.0,Google Pay
492,1492,959.0,Credit Card
493,1493,183.0,Cash
494,1494,1934.0,Cash
495,1495,462.0,Cash
496,1496,1980.0,Cash
497,1497,1574.0,Cash
498,1498,2408.0,Apple Pay
499,1499,1610.0,Apple Pay
500,1500,2096.0,Credit Card
501,1501,1278.0,Google Pay
502,1502,932.0,Google Pay
503,1503,1525.0,Google Pay
504,1504,864.0,Credit Card
505,1505,1880.0,card
506,1506,736.0,Cash
507,1507,1334.0,Cash
508,1508,1161.0,Bank Transfer
509,1509,1745.0,Credit Card
510,1510,377.0,Apple Pay
511,1511,1988.0,Card
512,1512,1125.0,Credit Card
513,1513,1865.0,Credit Card
514,1514,1382.0,Bank Transfer
515,1515,2258.0,Credit Card
516,1516,1831.0,Google Pay
517,1517,1311.0,Cash
518,1518,,Credit Card
519,1519,2064.0,Bank Transfer
520,1520,997.0,Card
521,1521,1666.0,Apple Pay
522,1522,1031.0,Google Pay
523,1523,609.0,Google Pay
524,1524,2065.0,Apple Pay
525,1525,811.0,card
526,1526,1003.0,card
527,1527,2091.0,Cash
528,1528,648.0,Card
529,1529,1074.0,cash 
530,1530,1864.0,Apple Pay
531,1531,2184.0,Apple Pay
532,1532,699.0,Card
533,1533,863.0,Cash
534,1534,111.0,Credit Card
535,1535,,Card
536,1536,416.0,Apple Pay
537,1537,295.0,Card
538,1538,2048.0,Apple Pay
539,1539,137.0,cash 
540,1540,1842.0,Google Pay
541,1541,1375.0,Bank Transfer
542,1542,1128.0,Cash
543,1543,809.0,Card
544,1544,309.0,cash 
545,1545,1209.0,Cash
546,1546,229.0,Credit Card
547,1547,180.0,cash 
548,1548,251.0,Cash
549,1549,2062.0,card
550,1550,1753.0,Cash
551,1551,338.0,Google Pay
552,1552,2227.0,cash 
553,1553,782.0,cash 
554,1554,1928.0,cash 
555,1555,1432.0,Credit Card
556,1556,1379.0,Cash
557,1557,2284.0,Apple Pay
558,1558,1676.0,Card
559,1559,1286.0,Card
560,1560,1180.0,Credit Card
561,1561,1553.0,Apple Pay
562,1562,2380.0,Apple Pay
563,1563,2049.0,card
564,1564,371.0,Card
565,1565,543.0,Apple Pay
566,1566,1298.0,Card
567,1567,256.0,cash 
568,1568,1665.0,Credit Card
569,1569,2295.0,cash 
570,1570,584.0,Credit Card
571,1571,2348.0,Apple Pay
572,1572,2409.0,card
573,1573,1461.0,Card
574,1574,1861.0,Credit Card
575,1575,401.0,card
576,1576,1228.0,Card
577,1577,906.0,Apple Pay
578,1578,628.0,Card
579,1579,872.0,Google Pay
580,1580,1161.0,Cash
581,1581,996.0,cash 
582,1582,410.0,Credit Card
583,1583,212.0,Apple Pay
584,1584,125.0,Cash
585,1585,2103.0,Google Pay
586,1586,170.0,Google Pay
587,1587,409.0,cash 
588,1588,1329.0,Cash
589,1589,878.0,Credit Card
590,1590,644.0,Credit Card
591,1591,804.0,Cash
592,1592,1734.0,Google Pay
593,1593,806.0,Card
594,1594,1001.0,Apple Pay
595,1595,599.0,Bank Transfer
596,1596,613.0,Credit Card
597,1597,1155.0,cash 
598,1598,1849.0,Bank Transfer
599,1599,221.0,cash 
600,1600,2482.0,Card
601,1601,1056.0,cash 
602,1602,251.0,Apple Pay
603,1603,1221.0,Bank Transfer
604,1604,2167.0,Credit Card
605,1605,2447.0,Credit Card
606,1606,2467.0,Apple Pay
607,1607,721.0,card
608,1608,2195.0,cash 
609,1609,1608.0,Card
610,1610,664.0,Credit Card
611,1611,1317.0,Bank Transfer
612,1612,64.0,Google Pay
613,1613,73.0,Bank Transfer
614,1614,1859.0,card
615,1615,2333.0,Apple Pay
616,1616,645.0,Card
617,1617,1757.0,Credit Card
618,1618,2394.0,Credit Card
619,1619,1559.0,cash 
620,1620,549.0,Google Pay
621,1621,288.0,card
622,1622,1226.0,cash 
623,1623,1499.0,Credit Card
624,1624,786.0,Apple Pay
625,1625,533.0,Apple Pay
626,1626,919.0,Card
627,1627,1310.0,Google Pay
628,1628,1448.0,cash 
629,1629,2012.0,Bank Transfer
630,1630,2249.0,Cash
631,1631,2364.0,Cash
632,1632,1498.0,card
633,1633,2238.0,Credit Card
634,1634,1312.0,Cash
635,1635,1023.0,Cash
636,1636,1582.0,Card
637,1637,2026.0,Credit Card
638,1638,1390.0,Credit Card
639,1639,199.0,Bank Transfer
640,1640,2484.0,card
641,1641,1329.0,Card
642,1642,838.0,Google Pay
643,1643,661.0,Credit Card
644,1644,469.0,Apple Pay
645,1645,1210.0,Apple Pay
646,1646,1867.0,Card
647,1647,1621.0,Card
648,1648,2477.0,Bank Transfer
649,1649,2235.0,card
650,1650,1968.0,card
651,1651,1977.0,Apple Pay
652,1652,801.0,Cash
653,1653,1489.0,Bank Transfer
654,1654,571.0,card
655,1655,1287.0,Bank Transfer
656,1656,2025.0,cash 
657,1657,1833.0,Cash
658,1658,2401.0,Bank Transfer
659,1659,771.0,Google Pay
660,1660,1602.0,Cash
661,1661,2428.0,Card
662,1662,1647.0,Bank Transfer
663,1663,1297.0,cash 
664,1664,2140.0,cash 
665,1665,267.0,Card
666,1666,1013.0,cash 
667,1667,1612.0,cash 
668,1668,2325.0,cash 
669,1669,564.0,Credit Card
670,1670,2043.0,cash 
671,1671,1917.0,cash 
672,1672,1893.0,cash 
673,1673,,Bank Transfer
674,1674,2287.0,Cash
675,1675,2426.0,Bank Transfer
676,1676,1194.0,Bank Transfer
677,1677,1985.0,card
678,1678,94.0,Bank Transfer
679,1679,1495.0,Google Pay
680,1680,1295.0,Google Pay
681,1681,1245.0,Card
682,1682,1188.0,Google Pay
683,1683,506.0,Credit Card
684,1684,1120.0,Apple Pay
685,1685,395.0,Credit Card
686,1686,1619.0,Apple Pay
687,1687,1463.0,Card
688,1688,1950.0,cash 
689,1689,2231.0,Apple Pay
690,1690,1830.0,Card
691,1691,218.0,card
692,1692,1166.0,Cash
693,1693,1652.0,Bank Transfer
694,1694,2179.0,Cash
695,1695,328.0,Card
696,1696,948.0,Google Pay
697,1697,2483.0,Apple Pay
698,1698,582.0,cash 
699,1699,1962.0,card
700,1700,1374.0,Google Pay
701,1701,1412.0,Card
702,1702,871.0,cash 
703,1703,944.0,card
704,1704,1076.0,Bank Transfer
705,1705,,Card
706,1706,1652.0,Card
707,1707,337.0,Apple Pay
708,1708,2373.0,Cash
709,1709,421.0,Cash
710,1710,1237.0,Apple Pay
711,1711,1647.0,card
712,1712,826.0,Credit Card
713,1713,2053.0,cash 
714,1714,1890.0,Card
715,1715,1710.0,card
716,1716,2247.0,Credit Card
717,1717,128.0,Bank Transfer
718,1718,755.0,Card
719,1719,311.0,card
720,1720,880.0,cash 
721,1721,2285.0,Credit Card
722,1722,308.0,card
723,1723,2316.0,Credit Card
724,1724,1590.0,Credit Card
725,1725,415.0,Google Pay
726,1726,1159.0,Bank Transfer
727,1727,787.0,Bank Transfer
728,1728,1765.0,Card
729,1729,441.0,Cash
730,1730,902.0,Google Pay
731,1731,1993.0,Bank Transfer
732,1732,1541.0,Google Pay
733,1733,1906.0,Card
734,1734,2036.0,card
735,1735,1766.0,Apple Pay
736,1736,451.0,Apple Pay
737,1737,1979.0,Bank Transfer
738,1738,779.0,cash 
739,1739,1154.0,Apple Pay
740,1740,609.0,card
741,1741,1258.0,Credit Card
742,1742,404.0,cash 
743,1743,1193.0,Card
744,1744,1828.0,Apple Pay
745,1745,231.0,Card
746,1746,451.0,Bank Transfer
747,1747,1715.0,Apple Pay
748,1748,115.0,Bank Transfer
749,1749,2440.0,Card
750,1750,807.0,Cash
751,1751,339.0,cash 
752,1752,1155.0,Apple Pay
753,1753,274.0,Cash
754,1754,1547.0,Cash
755,1755,1421.0,Apple Pay
756,1756,2426.0,Apple Pay
757,1757,1782.0,Google Pay
758,1758,2207.0,card
759,1759,318.0,Apple Pay
760,1760,365.0,card
761,1761,886.0,Card
762,1762,1470.0,cash 
763,1763,1001.0,Cash
764,1764,2480.0,Bank Transfer
765,1765,753.0,Google Pay
766,1766,243.0,Credit Card
767,1767,708.0,Google Pay
768,1768,678.0,Credit Card
769,1769,1855.0,Google Pay
770,1770,1348.0,Cash
771,1771,1285.0,card
772,1772,1361.0,Credit Card
773,1773,1237.0,Credit Card
774,1774,214.0,Credit Card
775,1775,952.0,Bank Transfer
776,1776,2439.0,Apple Pay
777,1777,1874.0,card
778,1778,2145.0,Card
779,1779,1564.0,cash 
780,1780,1875.0,card
781,1781,1232.0,Credit Card
782,1782,2455.0,card
783,1783,1423.0,card
784,1784,1169.0,cash 
785,1785,866.0,Credit Card
786,1786,1286.0,Google Pay
787,1787,,Google Pay
788,1788,1758.0,Credit Card
789,1789,323.0,Cash
790,1790,1999.0,card
791,1791,717.0,Card
792,1792,718.0,Card
793,1793,249.0,Google Pay
794,1794,437.0,Credit Card
795,1795,1283.0,Google Pay
796,1796,638.0,Card
797,1797,1443.0,Credit Card
798,1798,2338.0,card
799,1799,121.0,Bank Transfer
800,1800,2497.0,Cash
801,1801,577.0,Credit Card
802,1802,371.0,cash 
803,1803,1816.0,Card
804,1804,292.0,Bank Transfer
805,1805,445.0,card
806,1806,1489.0,Card
807,1807,1474.0,Cash
808,1808,2385.0,card
809,1809,1204.0,Credit Card
810,1810,2115.0,Bank Transfer
811,1811,1503.0,cash 
812,1812,1337.0,card
813,1813,1230.0,Card
814,1814,1327.0,Bank Transfer
815,1815,335.0,Bank Transfer
816,1816,480.0,cash 
817,1817,1667.0,cash 
818,1818,315.0,Cash
819,1819,552.0,Apple Pay
820,1820,2481.0,Google Pay
821,1821,1706.0,Bank Transfer
822,1822,1076.0,Bank Transfer
823,1823,266.0,card
824,1824,675.0,Google Pay
825,1825,2066.0,Bank Transfer
826,1826,2271.0,Cash
827,1827,537.0,cash 
828,1828,774.0,Google Pay
829,1829,1643.0,Bank Transfer
830,1830,2259.0,Bank Transfer
831,1831,2470.0,cash 
832,1832,165.0,Card
833,1833,1447.0,cash 
834,1834,281.0,Apple Pay
835,1835,318.0,Google Pay
836,1836,1937.0,cash 
837,1837,2458.0,Card
838,1838,2050.0,card
839,1839,1440.0,Credit Card
840,1840,358.0,Apple Pay
841,1841,975.0,card
842,1842,2225.0,Bank Transfer
843,1843,1286.0,Google Pay
844,1844,2160.0,Bank Transfer
845,1845,814.0,Bank Transfer
846,1846,1826.0,Card
847,1847,1279.0,cash 
848,1848,1143.0,Google Pay
849,1849,1026.0,card
850,1850,1951.0,Bank Transfer
851,1851,702.0,Google Pay
852,1852,2305.0,Credit Card
853,1853,393.0,Cash
854,1854,1538.0,card
855,1855,544.0,Google Pay
856,1856,1333.0,Cash
857,1857,1782.0,Apple Pay
858,1858,1722.0,Google Pay
859,1859,512.0,Cash
860,1860,643.0,Cash
861,1861,192.0,Card
862,1862,1536.0,card
863,1863,1659.0,Google Pay
864,1864,706.0,Bank Transfer
865,1865,188.0,Google Pay
866,1866,1412.0,cash 
867,1867,1773.0,Cash
868,1868,1866.0,Credit Card
869,1869,386.0,card
870,1870,582.0,cash 
871,1871,760.0,Cash
872,1872,1595.0,Apple Pay
873,1873,414.0,Bank Transfer
874,1874,1806.0,Google Pay
875,1875,107.0,cash 
876,1876,882.0,Apple Pay
877,1877,896.0,Apple Pay
878,1878,167.0,Google Pay
879,1879,2437.0,Bank Transfer
880,1880,1678.0,Apple Pay
881,1881,349.0,card
882,1882,1501.0,Card
883,1883,1666.0,Cash
884,1884,2068.0,Cash
885,1885,630.0,Google Pay
886,1886,1200.0,Cash
887,1887,1130.0,Cash
888,1888,669.0,Bank Transfer
889,1889,1976.0,Google Pay
890,1890,2077.0,Card
891,1891,510.0,Credit Card
892,1892,739.0,Google Pay
893,1893,,Credit Card
894,1894,1396.0,Card
895,1895,484.0,Cash
896,1896,2015.0,Bank Transfer
897,1897,229.0,Bank Transfer
898,1898,1208.0,Cash
899,1899,1683.0,Google Pay
900,1900,902.0,Credit Card
901,1901,681.0,card
902,1902,1320.0,Credit Card
903,1903,1639.0,Bank Transfer
904,1904,813.0,cash 
905,1905,1948.0,Apple Pay
906,1906,393.0,Google Pay
907,1907,658.0,Credit Card
908,1908,245.0,card
909,1909,1953.0,Google Pay
910,1910,516.0,Bank Transfer
911,1911,1269.0,Cash
912,1912,1135.0,Cash
913,1913,1112.0,card
914,1914,2004.0,Bank Transfer
915,1915,2043.0,Google Pay
916,1916,1667.0,Google Pay
917,1917,115.0,Apple Pay
918,1918,1834.0,Apple Pay
919,1919,139.0,card
920,1920,1981.0,Card
921,1921,1654.0,Card
922,1922,1752.0,Bank Transfer
923,1923,2470.0,Bank Transfer
924,1924,2316.0,card
925,1925,1470.0,Bank Transfer
926,1926,1972.0,Cash
927,1927,1439.0,Bank Transfer
928,1928,1525.0,Bank Transfer
929,1929,2027.0,Credit Card
930,1930,1753.0,Bank Transfer
931,1931,1519.0,Google Pay
932,1932,180.0,card
933,1933,967.0,Bank Transfer
934,1934,2331.0,Google Pay
935,1935,1843.0,Bank Transfer
936,1936,467.0,Card
937,1937,1531.0,Credit Card
938,1938,456.0,Credit Card
939,1939,876.0,Bank Transfer
940,1940,1224.0,Credit Card
941,1941,1055.0,Credit Card
942,1942,1743.0,cash 
943,1943,1862.0,Credit Card
944,1944,397.0,Cash
945,1945,201.0,Credit Card
946,1946,2179.0,Google Pay
947,1947,1334.0,Cash
948,1948,1704.0,Bank Transfer
949,1949,1861.0,Cash
950,1950,201.0,Cash
951,1951,430.0,Google Pay
952,1952,2261.0,Google Pay
953,1953,295.0,Cash
954,1954,560.0,Bank Transfer
955,1955,2432.0,Apple Pay
956,1956,2396.0,Credit Card
957,1957,2165.0,Apple Pay
958,1958,1737.0,card
959,1959,1877.0,card
960,1960,1667.0,Google Pay
961,1961,2055.0,cash 
962,1962,579.0,card
963,1963,2339.0,Cash
964,1964,214.0,Credit Card
965,1965,2040.0,Card
966,1966,1299.0,Google Pay
967,1967,1478.0,card
968,1968,1433.0,cash 
969,1969,1892.0,Bank Transfer
970,1970,1727.0,cash 
971,1971,1864.0,Google Pay
972,1972,1315.0,card
973,1973,266.0,Apple Pay
974,1974,2228.0,Credit Card
975,1975,2423.0,Bank Transfer
976,1976,145.0,Cash
977,1977,1614.0,Google Pay
978,1978,798.0,Google Pay
979,1979,743.0,Card
980,1980,1647.0,card
981,1981,545.0,Card
982,1982,2133.0,cash 
983,1983,318.0,Bank Transfer
984,1984,1152.0,card
985,1985,2099.0,Apple Pay
986,1986,2251.0,cash 
987,1987,1234.0,Credit Card
988,1988,1607.0,Cash
989,1989,711.0,card
990,1990,2329.0,Google Pay
991,1991,1453.0,Google Pay
992,1992,1449.0,Apple Pay
993,1993,58.0,Bank Transfer
994,1994,2052.0,cash 
995,1995,2256.0,Card
996,1996,1591.0,Cash
997,1997,561.0,Bank Transfer
998,1998,1201.0,Cash
999,1999,955.0,Apple Pay
1000,2000,906.0,Card
1001,2001,2073.0,Credit Card
1002,2002,2364.0,Credit Card
1003,2003,2384.0,Apple Pay
1004,2004,2232.0,Google Pay
1005,2005,262.0,Cash
1006,2006,2079.0,Cash
1007,2007,1770.0,Bank Transfer
1008,2008,2392.0,Card
1009,2009,1073.0,Apple Pay
1010,2010,164.0,Bank Transfer
1011,2011,1075.0,Apple Pay
1012,2012,1416.0,Apple Pay
1013,2013,561.0,card
1014,2014,316.0,Credit Card
1015,2015,319.0,card
1016,2016,1695.0,card
1017,2017,93.0,Bank Transfer
1018,2018,464.0,Cash
1019,2019,492.0,card
1020,2020,2397.0,Credit Card
1021,2021,1871.0,Credit Card
1022,2022,2444.0,cash 
1023,2023,646.0,Credit Card
1024,2024,83.0,Credit Card
1025,2025,273.0,cash 
1026,2026,330.0,Cash
1027,2027,1406.0,Cash
1028,2028,222.0,Bank Transfer
1029,2029,923.0,Apple Pay
1030,2030,804.0,Card
1031,2031,633.0,Google Pay
1032,2032,229.0,Card
1033,2033,763.0,Cash
1034,2034,1122.0,card
1035,2035,1436.0,Apple Pay
1036,2036,751.0,cash 
1037,2037,826.0,Apple Pay
1038,2038,1051.0,Card
1039,2039,1062.0,Card
1040,2040,2052.0,Apple Pay
1041,2041,315.0,Credit Card
1042,2042,1582.0,Bank Transfer
1043,2043,2029.0,Bank Transfer
1044,2044,2441.0,Card
1045,2045,945.0,Google Pay
1046,2046,1092.0,card
1047,2047,2441.0,Card
1048,2048,1821.0,cash 
1049,2049,1859.0,Apple Pay
1050,2050,2105.0,card
1051,2051,2286.0,Apple Pay
1052,2052,1174.0,Apple Pay
1053,2053,1119.0,Card
1054,2054,1704.0,cash 
1055,2055,661.0,cash 
1056,2056,2162.0,Bank Transfer
1057,2057,819.0,cash 
1058,2058,173.0,Cash
1059,2059,,Cash
1060,2060,2252.0,Google Pay
1061,2061,679.0,Cash
1062,2062,2239.0,cash 
1063,2063,1297.0,card
1064,2064,2051.0,Card
1065,2065,893.0,Apple Pay
1066,2066,95.0,Credit Card
1067,2067,2247.0,cash 
1068,2068,582.0,Apple Pay
1069,2069,2405.0,Google Pay
1070,2070,876.0,Card
1071,2071,1061.0,Cash
1072,2072,423.0,Google Pay
1073,2073,1268.0,cash 
1074,2074,1819.0,Bank Transfer
1075,2075,228.0,Apple Pay
1076,2076,323.0,Apple Pay
1077,2077,363.0,card
1078,2078,2122.0,Card
1079,2079,1941.0,cash 
1080,2080,519.0,Credit Card
1081,2081,1042.0,Bank Transfer
1082,2082,123.0,card
1083,2083,367.0,Card
1084,2084,191.0,Apple Pay
1085,2085,471.0,cash 
1086,2086,,cash 
1087,2087,424.0,Card
1088,2088,308.0,Apple Pay
1089,2089,491.0,Cash
1090,2090,1802.0,card
1091,2091,1697.0,Cash
1092,2092,1190.0,Cash
1093,2093,2096.0,card
1094,2094,1641.0,Credit Card
1095,2095,2024.0,card
1096,2096,2143.0,Apple Pay
1097,2097,558.0,Google Pay
1098,2098,613.0,Cash
1099,2099,205.0,Apple Pay
1100,2100,1350.0,Card
1101,2101,988.0,Cash
1102,2102,1067.0,Apple Pay
1103,2103,74.0,card
1104,2104,886.0,Credit Card
1105,2105,887.0,Apple Pay
1106,2106,859.0,Apple Pay
1107,2107,1886.0,Apple Pay
1108,2108,1597.0,Credit Card
1109,2109,688.0,Bank Transfer
1110,2110,1279.0,Credit Card
1111,2111,1210.0,cash 
1112,2112,851.0,Credit Card
1113,2113,1582.0,Bank Transfer
1114,2114,2055.0,Google Pay
1115,2115,559.0,cash 
1116,2116,1477.0,Bank Transfer
1117,2117,1786.0,Apple Pay
1118,2118,165.0,Credit Card
1119,2119,2418.0,Credit Card
1120,2120,1624.0,cash 
1121,2121,729.0,cash 
1122,2122,1617.0,Google Pay
1123,2123,414.0,card
1124,2124,1680.0,Google Pay
1125,2125,1761.0,cash 
1126,2126,813.0,Credit Card
1127,2127,2372.0,Apple Pay
1128,2128,835.0,Google Pay
1129,2129,730.0,card
1130,2130,171.0,Apple Pay
1131,2131,,Google Pay
1132,2132,446.0,Apple Pay
1133,2133,1138.0,Bank Transfer
1134,2134,1455.0,Cash
1135,2135,1508.0,Cash
1136,2136,618.0,Card
1137,2137,1068.0,Cash
1138,2138,1369.0,Card
1139,2139,1869.0,Apple Pay
1140,2140,1476.0,cash 
1141,2141,636.0,Card
1142,2142,2297.0,Bank Transfer
1143,2143,1046.0,Apple Pay
1144,2144,706.0,Cash
1145,2145,554.0,Credit Card
1146,2146,966.0,card
1147,2147,1613.0,cash 
1148,2148,415.0,Cash
1149,2149,571.0,Cash
1150,2150,1639.0,cash 
1151,2151,2178.0,Apple Pay
1152,2152,642.0,Google Pay
1153,2153,647.0,Card
1154,2154,1170.0,Bank Transfer
1155,2155,290.0,Cash
1156,2156,265.0,Credit Card
1157,2157,702.0,Card
1158,2158,1476.0,cash 
1159,2159,849.0,cash 
1160,2160,271.0,Google Pay
1161,2161,1242.0,Credit Card
1162,2162,87.0,Cash
1163,2163,1592.0,cash 
1164,2164,785.0,Card
1165,2165,658.0,cash 
1166,2166,2491.0,Credit Card
1167,2167,417.0,Bank Transfer
1168,2168,97.0,card
1169,2169,2137.0,Apple Pay
1170,2170,2478.0,Credit Card
1171,2171,562.0,card
1172,2172,807.0,cash 
1173,2173,2221.0,Bank Transfer
1174,2174,558.0,Apple Pay
1175,2175,71.0,Bank Transfer
1176,2176,710.0,card
1177,2177,2123.0,Google Pay
1178,2178,1067.0,Google Pay
1179,2179,622.0,Bank Transfer
1180,2180,2254.0,Apple Pay
1181,2181,820.0,Credit Card
1182,2182,1520.0,Google Pay
1183,2183,718.0,cash 
1184,2184,636.0,Apple Pay
1185,2185,1574.0,Credit Card
1186,2186,156.0,Apple Pay
1187,2187,1716.0,card
1188,2188,649.0,Apple Pay
1189,2189,1600.0,card
1190,2190,2055.0,card
1191,2191,1160.0,card
1192,2192,1463.0,cash 
1193,2193,686.0,Credit Card
1194,2194,1566.0,Apple Pay
1195,2195,1499.0,Bank Transfer
1196,2196,987.0,Google Pay
1197,2197,419.0,card
1198,2198,1220.0,Bank Transfer
1199,2199,2014.0,Bank Transfer
1200,2200,79.0,cash 
1201,2201,2213.0,Card
1202,2202,2194.0,Apple Pay
1203,2203,258.0,cash 
1204,2204,1073.0,card
1205,2205,2379.0,cash 
1206,2206,1946.0,Bank Transfer
1207,2207,1499.0,card
1208,2208,465.0,cash 
1209,2209,1732.0,card
1210,2210,1977.0,cash 
1211,2211,1153.0,card
1212,2212,73.0,Cash
1213,2213,1666.0,cash 
1214,2214,2013.0,Google Pay
1215,2215,571.0,Cash
1216,2216,1642.0,Credit Card
1217,2217,2098.0,Card
1218,2218,2495.0,Card
1219,2219,1806.0,Apple Pay
1220,2220,521.0,Google Pay
1221,2221,472.0,Credit Card
1222,2222,1171.0,Apple Pay
1223,2223,258.0,cash 
1224,2224,958.0,Cash
1225,2225,1296.0,card
1226,2226,1061.0,Cash
1227,2227,1367.0,Apple Pay
1228,2228,807.0,Google Pay
1229,2229,105.0,Credit Card
1230,2230,2462.0,Cash
1231,2231,485.0,Credit Card
1232,2232,830.0,Apple Pay
1233,2233,1454.0,Google Pay
1234,2234,229.0,Credit Card
1235,2235,2345.0,Cash
1236,2236,327.0,Bank Transfer
1237,2237,1172.0,Credit Card
1238,2238,829.0,cash 
1239,2239,1623.0,cash 
1240,2240,942.0,Card
1241,2241,1292.0,Apple Pay
1242,2242,2235.0,Apple Pay
1243,2243,594.0,Google Pay
1244,2244,,Cash
1245,2245,2299.0,Google Pay
1246,2246,284.0,Card
1247,2247,114.0,card
1248,2248,2306.0,Apple Pay
1249,2249,1669.0,Credit Card
1250,2250,2012.0,card
1251,2251,823.0,Bank Transfer
1252,2252,777.0,cash 
1253,2253,1913.0,cash 
1254,2254,458.0,cash 
1255,2255,229.0,Credit Card
1256,2256,105.0,Card
1257,2257,2355.0,Bank Transfer
1258,2258,2276.0,Google Pay
1259,2259,1265.0,card
1260,2260,978.0,cash 
1261,2261,1625.0,card
1262,2262,1204.0,Cash
1263,2263,397.0,Card
1264,2264,792.0,cash 
1265,2265,475.0,Google Pay
1266,2266,362.0,Card
1267,2267,2009.0,card
1268,2268,572.0,Credit Card
1269,2269,1745.0,Cash
1270,2270,2236.0,Bank Transfer
1271,2271,2208.0,Apple Pay
1272,2272,120.0,Cash
1273,2273,1480.0,Cash
1274,2274,2308.0,cash 
1275,2275,636.0,cash 
1276,2276,484.0,card
1277,2277,1053.0,card
1278,2278,623.0,Google Pay
1279,2279,104.0,Google Pay
1280,2280,760.0,Credit Card
1281,2281,2319.0,Google Pay
1282,2282,692.0,Google Pay
1283,2283,917.0,cash 
1284,2284,2340.0,card
1285,2285,1608.0,Credit Card
1286,2286,477.0,card
1287,2287,486.0,card
1288,2288,876.0,Card
1289,2289,2359.0,Bank Transfer
1290,2290,1510.0,Google Pay
1291,2291,1507.0,Credit Card
1292,2292,463.0,Credit Card
1293,2293,1238.0,Credit Card
1294,2294,998.0,Apple Pay
1295,2295,2104.0,Cash
1296,2296,1814.0,Card
1297,2297,357.0,Credit Card
1298,2298,1317.0,card
1299,2299,711.0,card
1300,2300,1937.0,Google Pay
1301,2301,625.0,card
1302,2302,1725.0,Credit Card
1303,2303,1580.0,card
1304,2304,224.0,Card
1305,2305,,card
1306,2306,963.0,cash 
1307,2307,1954.0,card
1308,2308,1675.0,cash 
1309,2309,2041.0,Apple Pay
1310,2310,687.0,Bank Transfer
1311,2311,1607.0,Card
1312,2312,143.0,cash 
1313,2313,1171.0,cash 
1314,2314,926.0,Google Pay
1315,2315,1266.0,Credit Card
1316,2316,708.0,cash 
1317,2317,863.0,card
1318,2318,1346.0,Card
1319,2319,1714.0,Google Pay
1320,2320,1890.0,card
1321,2321,2286.0,Credit Card
1322,2322,2412.0,Card
1323,2323,560.0,Bank Transfer
1324,2324,2271.0,cash 
1325,2325,1578.0,Credit Card
1326,2326,1841.0,Google Pay
1327,2327,117.0,cash 
1328,2328,458.0,Bank Transfer
1329,2329,962.0,Bank Transfer
1330,2330,559.0,Cash
1331,2331,81.0,Cash
1332,2332,1309.0,cash 
1333,2333,113.0,Card
1334,2334,1422.0,Credit Card
1335,2335,1661.0,Card
1336,2336,761.0,cash 
1337,2337,567.0,card
1338,2338,2314.0,Credit Card
1339,2339,2480.0,Credit Card
1340,2340,584.0,Bank Transfer
1341,2341,1266.0,Apple Pay
1342,2342,1116.0,Card
1343,2343,2423.0,card
1344,2344,1123.0,Credit Card
1345,2345,901.0,cash 
1346,2346,362.0,Apple Pay
1347,2347,1896.0,Credit Card
1348,2348,178.0,card
1349,2349,70.0,Credit Card
1350,2350,144.0,Credit Card
1351,2351,617.0,Apple Pay
1352,2352,426.0,Cash
1353,2353,2149.0,cash 
1354,2354,1201.0,cash 
1355,2355,2048.0,cash 
1356,2356,490.0,cash 
1357,2357,313.0,Bank Transfer
1358,2358,2222.0,Cash
1359,2359,811.0,Cash
1360,2360,1337.0,card
1361,2361,1956.0,Cash
1362,2362,940.0,card
1363,2363,356.0,cash 
1364,2364,253.0,Bank Transfer
1365,2365,750.0,Cash
1366,2366,2408.0,Card
1367,2367,2235.0,Card
1368,2368,1750.0,Google Pay
1369,2369,1332.0,Bank Transfer
1370,2370,2070.0,card
1371,2371,618.0,card
1372,2372,1560.0,Card
1373,2373,246.0,Google Pay
1374,2374,1604.0,Google Pay
1375,2375,1357.0,Credit Card
1376,2376,2211.0,Apple Pay
1377,2377,2027.0,Apple Pay
1378,2378,2337.0,Apple Pay
1379,2379,296.0,Apple Pay
1380,2380,478.0,Cash
1381,2381,1327.0,Bank Transfer
1382,2382,1539.0,cash 
1383,2383,1188.0,cash 
1384,2384,488.0,card
1385,2385,2224.0,Bank Transfer
1386,2386,1817.0,Apple Pay
1387,2387,1857.0,Google Pay
1388,2388,1780.0,Apple Pay
1389,2389,2071.0,cash 
1390,2390,521.0,Card
1391,2391,977.0,cash 
1392,2392,1148.0,Bank Transfer
1393,2393,2492.0,Google Pay
1394,2394,2002.0,Google Pay
1395,2395,817.0,Cash
1396,2396,135.0,Credit Card
1397,2397,2483.0,Cash
1398,2398,235.0,Card
1399,2399,650.0,card
1400,2400,1486.0,Google Pay
1401,2401,1494.0,Google Pay
1402,2402,2490.0,Bank Transfer
1403,2403,655.0,cash 
1404,2404,1814.0,Cash
1405,2405,492.0,Google Pay
1406,2406,1478.0,Cash
1407,2407,2180.0,Cash
1408,2408,1471.0,Google Pay
1409,2409,665.0,Google Pay
1410,2410,1257.0,Card
1411,2411,267.0,Bank Transfer
1412,2412,254.0,Google Pay
1413,2413,2346.0,Credit Card
1414,2414,2447.0,card
1415,2415,1632.0,cash 
1416,2416,759.0,cash 
1417,2417,867.0,Google Pay
1418,2418,1267.0,Bank Transfer
1419,2419,443.0,Credit Card
1420,2420,1514.0,Bank Transfer
1421,2421,163.0,Card
1422,2422,1288.0,Apple Pay
1423,2423,2366.0,Google Pay
1424,2424,,Bank Transfer
1425,2425,488.0,Cash
1426,2426,299.0,card
1427,2427,2164.0,Credit Card
1428,2428,683.0,Google Pay
1429,2429,,Bank Transfer
1430,2430,545.0,card
1431,2431,1867.0,cash 
1432,2432,1012.0,Google Pay
1433,2433,138.0,Credit Card
1434,2434,870.0,Bank Transfer
1435,2435,2069.0,Cash
1436,2436,1950.0,cash 
1437,2437,1645.0,Card
1438,2438,1870.0,Card
1439,2439,87.0,Credit Card
1440,2440,2200.0,cash 
1441,2441,2356.0,Cash
1442,2442,1663.0,card
1443,2443,788.0,Google Pay
1444,2444,1703.0,card
1445,2445,485.0,Bank Transfer
1446,2446,1019.0,card
1447,2447,303.0,Google Pay
1448,2448,170.0,Credit Card
1449,2449,2400.0,Apple Pay
1450,2450,874.0,Credit Card
1451,2451,444.0,Apple Pay
1452,2452,2288.0,card
1453,2453,2213.0,Bank Transfer
1454,2454,1510.0,Credit Card
1455,2455,2381.0,card
1456,2456,260.0,Cash
1457,2457,1515.0,card
1458,2458,2170.0,Google Pay
1459,2459,1979.0,Google Pay
1460,2460,1420.0,Card
1461,2461,305.0,Apple Pay
1462,2462,194.0,Cash
1463,2463,2308.0,Bank Transfer
1464,2464,2129.0,Apple Pay
1465,2465,982.0,Card
1466,2466,1603.0,Card
1467,2467,562.0,cash 
1468,2468,1556.0,Cash
1469,2469,426.0,Card
1470,2470,2246.0,Card
1471,2471,789.0,Google Pay
1472,2472,1247.0,Credit Card
1473,2473,362.0,Google Pay
1474,2474,952.0,Bank Transfer
1475,2475,1050.0,Google Pay
1476,2476,2041.0,Google Pay
1477,2477,1299.0,Apple Pay
1478,2478,1012.0,Bank Transfer
1479,2479,1157.0,Google Pay
1480,2480,1193.0,cash 
1481,2481,892.0,cash 
1482,2482,2268.0,Cash
1483,2483,162.0,Cash
1484,2484,283.0,card
1485,2485,2240.0,Bank Transfer
1486,2486,1025.0,Credit Card
1487,2487,1073.0,Google Pay
1488,2488,1076.0,Card
1489,2489,782.0,Bank Transfer
1490,2490,1519.0,Bank Transfer
1491,2491,1182.0,Cash
1492,2492,1113.0,Bank Transfer
1493,2493,253.0,Apple Pay
1494,2494,2425.0,Cash
1495,2495,1104.0,Card
1496,2496,1482.0,card
1497,2497,885.0,Cash
1498,2498,1209.0,Credit Card
1499,2499,1721.0,Cash
1500,2500,1241.0,Credit Card
1501,2501,2142.0,Cash
1502,2502,1610.0,card
1503,2503,2295.0,cash 
1504,2504,2198.0,Bank Transfer
1505,2505,1049.0,Cash
1506,2506,522.0,Apple Pay
1507,2507,363.0,Cash
1508,2508,991.0,Credit Card
1509,2509,615.0,Google Pay
1510,2510,2118.0,Credit Card
1511,2511,786.0,Bank Transfer
1512,2512,1974.0,card
1513,2513,349.0,Credit Card
1514,2514,2331.0,Apple Pay
1515,2515,1428.0,card
1516,2516,1888.0,cash 
1517,2517,2004.0,Credit Card
1518,2518,2136.0,card
1519,2519,1907.0,cash 
1520,2520,446.0,Apple Pay
1521,2521,2201.0,cash 
1522,2522,636.0,Card
1523,2523,1337.0,card
1524,2524,1847.0,Apple Pay
1525,2525,998.0,Google Pay
1526,2526,741.0,Card
1527,2527,2050.0,Card
1528,2528,1872.0,Credit Card
1529,2529,541.0,Bank Transfer
1530,2530,1190.0,card
1531,2531,1389.0,Credit Card
1532,2532,353.0,Cash
1533,2533,1350.0,Apple Pay
1534,2534,2451.0,cash 
1535,2535,816.0,Bank Transfer
1536,2536,2164.0,Apple Pay
1537,2537,779.0,Card
1538,2538,1478.0,Bank Transfer
1539,2539,2036.0,Bank Transfer
1540,2540,445.0,Apple Pay
1541,2541,1790.0,card
1542,2542,1680.0,Credit Card
1543,2543,1011.0,Card
1544,2544,1725.0,Card
1545,2545,1860.0,cash 
1546,2546,1441.0,Card
1547,2547,2245.0,Apple Pay
1548,2548,2260.0,Card
1549,2549,1415.0,Cash
1550,2550,2243.0,Apple Pay
1551,2551,1581.0,Cash
1552,2552,197.0,Card
1553,2553,223.0,Credit Card
1554,2554,1062.0,Card
1555,2555,1155.0,card
1556,2556,1751.0,Card
1557,2557,845.0,Google Pay
1558,2558,1929.0,Apple Pay
1559,2559,1809.0,card
1560,2560,2234.0,Apple Pay
1561,2561,2288.0,card
1562,2562,1000.0,Bank Transfer
1563,2563,638.0,card
1564,2564,1073.0,card
1565,2565,2370.0,Apple Pay
1566,2566,666.0,Card
1567,2567,2353.0,Bank Transfer
1568,2568,1939.0,Bank Transfer
1569,2569,571.0,Card
1570,2570,515.0,Card
1571,2571,622.0,cash 
1572,2572,1160.0,Cash
1573,2573,2193.0,Apple Pay
1574,2574,912.0,Cash
1575,2575,90.0,Cash
1576,2576,72.0,Google Pay
1577,2577,1405.0,card
1578,2578,2340.0,Apple Pay
1579,2579,1795.0,Google Pay
1580,2580,879.0,card
1581,2581,1126.0,card
1582,2582,2407.0,Google Pay
1583,2583,936.0,card
1584,2584,1374.0,card
1585,2585,1982.0,Cash
1586,2586,1595.0,cash 
1587,2587,2223.0,card
1588,2588,635.0,cash 
1589,2589,542.0,cash 
1590,2590,1959.0,Cash
1591,2591,832.0,cash 
1592,2592,1528.0,Apple Pay
1593,2593,1089.0,Card
1594,2594,1681.0,Card
1595,2595,174.0,Bank Transfer
1596,2596,2284.0,card
1597,2597,774.0,Credit Card
1598,2598,305.0,Cash
1599,2599,1412.0,Cash
1600,2600,108.0,cash 
1601,2601,654.0,Google Pay
1602,2602,2120.0,cash 
1603,2603,1448.0,Bank Transfer
1604,2604,420.0,Credit Card
1605,2605,132.0,Credit Card
1606,2606,1060.0,Google Pay
1607,2607,268.0,cash 
1608,2608,1745.0,Apple Pay
1609,2609,1850.0,Google Pay
1610,2610,2192.0,Bank Transfer
1611,2611,687.0,Apple Pay
1612,2612,1232.0,Apple Pay
1613,2613,421.0,Apple Pay
1614,2614,2167.0,Credit Card
1615,2615,1597.0,Card
1616,2616,700.0,cash 
1617,2617,1516.0,Google Pay
1618,2618,1919.0,cash 
1619,2619,1578.0,Cash
1620,2620,1009.0,card
1621,2621,2479.0,Card
1622,2622,2196.0,Apple Pay
1623,2623,270.0,card
1624,2624,1936.0,Card
1625,2625,379.0,Credit Card
1626,2626,2324.0,Cash
1627,2627,1664.0,Apple Pay
1628,2628,442.0,cash 
1629,2629,1389.0,Google Pay
1630,2630,2050.0,Card
1631,2631,2103.0,Card
1632,2632,819.0,Card
1633,2633,786.0,cash 
1634,2634,192.0,Google Pay
1635,2635,485.0,Bank Transfer
1636,2636,1706.0,Card
1637,2637,1912.0,Card
1638,2638,1109.0,card
1639,2639,1422.0,Cash
1640,2640,377.0,Credit Card
1641,2641,1913.0,cash 
1642,2642,1935.0,Cash
1643,2643,146.0,Google Pay
1644,2644,1269.0,Card
1645,2645,1672.0,Apple Pay
1646,2646,2071.0,cash 
1647,2647,2194.0,Bank Transfer
1648,2648,464.0,cash 
1649,2649,1780.0,cash 
1650,2650,374.0,cash 
1651,2651,2155.0,Apple Pay
1652,2652,1839.0,Google Pay
1653,2653,1682.0,Credit Card
1654,2654,1747.0,Credit Card
1655,2655,1353.0,card
1656,2656,1228.0,Bank Transfer
1657,2657,1998.0,Card
1658,2658,1942.0,Bank Transfer
1659,2659,2390.0,card
1660,2660,2219.0,Cash
1661,2661,171.0,Credit Card
1662,2662,145.0,Google Pay
1663,2663,1600.0,card
1664,2664,1235.0,Credit Card
1665,2665,1762.0,Google Pay
1666,2666,1351.0,cash 
1667,2667,1890.0,Credit Card
1668,2668,1950.0,Credit Card
1669,2669,1763.0,cash 
1670,2670,2111.0,card
1671,2671,2381.0,Bank Transfer
1672,2672,1644.0,Apple Pay
1673,2673,1984.0,Apple Pay
1674,2674,2415.0,Bank Transfer
1675,2675,774.0,Bank Transfer
1676,2676,702.0,Apple Pay
1677,2677,1714.0,Bank Transfer
1678,2678,2250.0,card
1679,2679,1249.0,cash 
1680,2680,1852.0,cash 
1681,2681,2424.0,card
1682,2682,1045.0,Bank Transfer
1683,2683,1926.0,Bank Transfer
1684,2684,1871.0,Cash
1685,2685,623.0,Credit Card
1686,2686,1535.0,Google Pay
1687,2687,1851.0,Google Pay
1688,2688,1103.0,Apple Pay
1689,2689,1112.0,Cash
1690,2690,2003.0,Credit Card
1691,2691,1583.0,cash 
1692,2692,1605.0,Card
1693,2693,664.0,Google Pay
1694,2694,2382.0,Card
1695,2695,184.0,cash 
1696,2696,2240.0,card
1697,2697,798.0,Apple Pay
1698,2698,2310.0,Google Pay
1699,2699,592.0,Google Pay
1700,2700,2004.0,Bank Transfer
1701,2701,2009.0,card
1702,2702,930.0,Bank Transfer
1703,2703,1863.0,Apple Pay
1704,2704,1158.0,Bank Transfer
1705,2705,1277.0,Google Pay
1706,2706,1314.0,Bank Transfer
1707,2707,2137.0,Bank Transfer
1708,2708,1297.0,card
1709,2709,842.0,card
1710,2710,2222.0,Bank Transfer
1711,2711,1376.0,Credit Card
1712,2712,693.0,Cash
1713,2713,1153.0,Apple Pay
1714,2714,1499.0,Cash
1715,2715,73.0,cash 
1716,2716,1921.0,Google Pay
1717,2717,1579.0,Card
1718,2718,866.0,Apple Pay
1719,2719,1045.0,Credit Card
1720,2720,238.0,cash 
1721,2721,1586.0,Card
1722,2722,1844.0,Google Pay
1723,2723,1744.0,Credit Card
1724,2724,1054.0,Cash
1725,2725,139.0,Credit Card
1726,2726,1529.0,Bank Transfer
1727,2727,1533.0,Cash
1728,2728,624.0,card
1729,2729,246.0,Card
1730,2730,2115.0,Cash
1731,2731,359.0,card
1732,2732,409.0,Bank Transfer
1733,2733,1184.0,Bank Transfer
1734,2734,2406.0,Cash
1735,2735,1821.0,Card
1736,2736,84.0,Apple Pay
1737,2737,1387.0,Bank Transfer
1738,2738,2412.0,Credit Card
1739,2739,2234.0,Card
1740,2740,1341.0,Apple Pay
1741,2741,1160.0,Apple Pay
1742,2742,1850.0,card
1743,2743,904.0,cash 
1744,2744,1608.0,card
1745,2745,548.0,Credit Card
1746,2746,1517.0,Cash
1747,2747,1523.0,Bank Transfer
1748,2748,1606.0,cash 
1749,2749,317.0,cash 
1750,2750,1646.0,Bank Transfer
1751,2751,626.0,Apple Pay
1752,2752,1974.0,Card
1753,2753,1749.0,Credit Card
1754,2754,793.0,Cash
1755,2755,1578.0,Google Pay
1756,2756,1977.0,Card
1757,2757,2201.0,Credit Card
1758,2758,1769.0,card
1759,2759,2248.0,Bank Transfer
1760,2760,1102.0,Credit Card
1761,2761,2068.0,Apple Pay
1762,2762,973.0,card
1763,2763,481.0,Apple Pay
1764,2764,1942.0,Google Pay
1765,2765,2423.0,Card
1766,2766,796.0,Card
1767,2767,97.0,Bank Transfer
1768,2768,2414.0,cash 
1769,2769,532.0,Google Pay
1770,2770,1095.0,Cash
1771,2771,2176.0,Google Pay
1772,2772,567.0,card
1773,2773,567.0,Cash
1774,2774,2117.0,Credit Card
1775,2775,118.0,Apple Pay
1776,2776,2223.0,Card
1777,2777,2224.0,Credit Card
1778,2778,976.0,Credit Card
1779,2779,1691.0,Google Pay
1780,2780,607.0,Google Pay
1781,2781,905.0,card
1782,2782,1043.0,cash 
1783,2783,1485.0,card
1784,2784,2449.0,Credit Card
1785,2785,94.0,card
1786,2786,1979.0,Apple Pay
1787,2787,1911.0,Credit Card
1788,2788,1096.0,card
1789,2789,2045.0,Google Pay
1790,2790,1535.0,Apple Pay
1791,2791,480.0,Google Pay
1792,2792,1079.0,Cash
1793,2793,2449.0,Bank Transfer
1794,2794,2048.0,cash 
1795,2795,2468.0,card
1796,2796,2426.0,cash 
1797,2797,1937.0,Card
1798,2798,790.0,Card
1799,2799,166.0,Bank Transfer
1800,2800,1068.0,Google Pay
1801,2801,1127.0,Credit Card
1802,2802,754.0,Bank Transfer
1803,2803,982.0,Cash
1804,2804,2086.0,Credit Card
1805,2805,1486.0,Cash
1806,2806,115.0,card
1807,2807,2343.0,Credit Card
1808,2808,1707.0,Google Pay
1809,2809,1627.0,card
1810,2810,970.0,Bank Transfer
1811,2811,157.0,Bank Transfer
1812,2812,934.0,Credit Card
1813,2813,2029.0,Bank Transfer
1814,2814,1686.0,cash 
1815,2815,1129.0,cash 
1816,2816,600.0,Cash
1817,2817,2128.0,Bank Transfer
1818,2818,1476.0,Apple Pay
1819,2819,1843.0,Bank Transfer
1820,2820,2343.0,Bank Transfer
1821,2821,311.0,Cash
1822,2822,162.0,Bank Transfer
1823,2823,2255.0,Google Pay
1824,2824,1717.0,Credit Card
1825,2825,1517.0,card
1826,2826,710.0,Apple Pay
1827,2827,539.0,Cash
1828,2828,1636.0,cash 
1829,2829,1324.0,Cash
1830,2830,1694.0,Apple Pay
1831,2831,435.0,Google Pay
1832,2832,740.0,Card
1833,2833,2376.0,Cash
1834,2834,2242.0,Apple Pay
1835,2835,2401.0,Credit Card
1836,2836,174.0,Card
1837,2837,491.0,Cash
1838,2838,2088.0,Apple Pay
1839,2839,2294.0,cash 
1840,2840,1547.0,Credit Card
1841,2841,290.0,Bank Transfer
1842,2842,2209.0,cash 
1843,2843,861.0,Google Pay
1844,2844,147.0,Bank Transfer
1845,2845,2088.0,Google Pay
1846,2846,415.0,Google Pay
1847,2847,164.0,Card
1848,2848,1826.0,Credit Card
1849,2849,454.0,Bank Transfer
1850,2850,2078.0,Apple Pay
1851,2851,526.0,Google Pay
1852,2852,775.0,cash 
1853,2853,1058.0,Google Pay
1854,2854,1166.0,cash 
1855,2855,826.0,Bank Transfer
1856,2856,1889.0,Credit Card
1857,2857,2051.0,card
1858,2858,1681.0,Google Pay
1859,2859,539.0,cash 
1860,2860,2172.0,Card
1861,2861,1639.0,Credit Card
1862,2862,634.0,Bank Transfer
1863,2863,824.0,Apple Pay
1864,2864,1448.0,Google Pay
1865,2865,1652.0,cash 
1866,2866,846.0,Cash
1867,2867,1056.0,Google Pay
1868,2868,506.0,card
1869,2869,1367.0,Cash
1870,2870,,Card
1871,2871,969.0,Card
1872,2872,2390.0,cash 
1873,2873,2059.0,Google Pay
1874,2874,2247.0,Cash
1875,2875,1641.0,Google Pay
1876,2876,639.0,Card
1877,2877,1697.0,Credit Card
1878,2878,1761.0,Bank Transfer
1879,2879,1433.0,Cash
1880,2880,938.0,Apple Pay
1881,2881,1947.0,cash 
1882,2882,2273.0,Bank Transfer
1883,2883,691.0,cash 
1884,2884,895.0,cash 
1885,2885,688.0,cash 
1886,2886,584.0,Bank Transfer
1887,2887,137.0,Card
1888,2888,881.0,Credit Card
1889,2889,2439.0,Bank Transfer
1890,2890,2351.0,Credit Card
1891,2891,1728.0,Credit Card
1892,2892,1071.0,card
1893,2893,1610.0,Bank Transfer
1894,2894,1534.0,Bank Transfer
1895,2895,2371.0,Cash
1896,2896,1279.0,cash 
1897,2897,1363.0,Google Pay
1898,2898,115.0,cash 
1899,2899,2181.0,Card
1900,2900,1305.0,Google Pay
1901,2901,1926.0,card
1902,2902,93.0,Card
1903,2903,197.0,Google Pay
1904,2904,1788.0,cash 
1905,2905,2312.0,Apple Pay
1906,2906,397.0,Cash
1907,2907,488.0,Apple Pay
1908,2908,1020.0,card
1909,2909,338.0,Credit Card
1910,2910,483.0,card
1911,2911,810.0,card
1912,2912,911.0,Card
1913,2913,1999.0,Apple Pay
1914,2914,2474.0,Card
1915,2915,859.0,Google Pay
1916,2916,820.0,Credit Card
1917,2917,1265.0,cash 
1918,2918,1036.0,Card
1919,2919,307.0,Bank Transfer
1920,2920,1876.0,Card
1921,2921,1530.0,card
1922,2922,2017.0,Cash
1923,2923,829.0,Apple Pay
1924,2924,1940.0,Cash
1925,2925,1629.0,cash 
1926,2926,661.0,cash 
1927,2927,757.0,Credit Card
1928,2928,663.0,Google Pay
1929,2929,2300.0,Google Pay
1930,2930,1832.0,Credit Card
1931,2931,1374.0,Bank Transfer
1932,2932,936.0,cash 
1933,2933,1322.0,cash 
1934,2934,1579.0,Credit Card
1935,2935,1058.0,Apple Pay
1936,2936,2000.0,Google Pay
1937,2937,570.0,Cash
1938,2938,1070.0,Bank Transfer
1939,2939,1623.0,Credit Card
1940,2940,1139.0,card
1941,2941,636.0,Cash
1942,2942,1390.0,Cash
1943,2943,1360.0,Bank Transfer
1944,2944,2497.0,card
1945,2945,2114.0,Google Pay
1946,2946,1271.0,Google Pay
1947,2947,1776.0,card
1948,2948,1614.0,Credit Card
1949,2949,1917.0,Google Pay
1950,2950,119.0,card
1951,2951,1586.0,Card
1952,2952,191.0,Google Pay
1953,2953,590.0,Bank Transfer
1954,2954,1012.0,card
1955,2955,334.0,Bank Transfer
1956,2956,684.0,card
1957,2957,1118.0,Apple Pay
1958,2958,973.0,Bank Transfer
1959,2959,613.0,Cash
1960,2960,2139.0,Google Pay
1961,2961,328.0,Card
1962,2962,1481.0,card
1963,2963,921.0,Credit Card
1964,2964,2328.0,Cash
1965,2965,1099.0,Cash
1966,2966,1899.0,Card
1967,2967,220.0,cash 
1968,2968,1273.0,Apple Pay
1969,2969,991.0,Google Pay
1970,2970,791.0,Cash
1971,2971,1650.0,Credit Card
1972,2972,1067.0,card
1973,2973,95.0,Google Pay
1974,2974,703.0,card
1975,2975,1577.0,card
1976,2976,541.0,Google Pay
1977,2977,888.0,card
1978,2978,1011.0,Bank Transfer
1979,2979,309.0,Credit Card
1980,2980,2087.0,cash 
1981,2981,230.0,card
1982,2982,1144.0,Card
1983,2983,57.0,Card
1984,2984,998.0,Card
1985,2985,1985.0,Credit Card
1986,2986,1470.0,cash 
1987,2987,1247.0,Credit Card
1988,2988,1818.0,card
1989,2989,1961.0,Bank Transfer
1990,2990,644.0,Cash
1991,2991,893.0,cash 
1992,2992,2178.0,card
1993,2993,724.0,Apple Pay
1994,2994,1579.0,cash 
1995,2995,485.0,Apple Pay
1996,2996,821.0,Card
1997,2997,1305.0,Apple Pay
1998,2998,445.0,Apple Pay
1999,2999,342.0,card
2000,3000,1700.0,Card
2001,3001,1805.0,Bank Transfer
2002,3002,1359.0,Cash
2003,3003,2257.0,card
2004,3004,208.0,Bank Transfer
2005,3005,1055.0,card
2006,3006,1972.0,Card
2007,3007,937.0,cash 
2008,3008,165.0,Bank Transfer
2009,3009,1639.0,Card
2010,3010,1900.0,Google Pay
2011,3011,684.0,card
2012,3012,773.0,cash 
2013,3013,2440.0,Bank Transfer
2014,3014,465.0,Credit Card
2015,3015,146.0,Bank Transfer
2016,3016,2201.0,Cash
2017,3017,2332.0,cash 
2018,3018,1514.0,Bank Transfer
2019,3019,545.0,Card
2020,3020,2286.0,Cash
2021,3021,809.0,cash 
2022,3022,1650.0,Card
2023,3023,1139.0,Card
2024,3024,924.0,Apple Pay
2025,3025,1638.0,card
2026,3026,2006.0,card
2027,3027,1531.0,Apple Pay
2028,3028,1362.0,cash 
2029,3029,1892.0,Apple Pay
2030,3030,1715.0,Credit Card
2031,3031,176.0,cash 
2032,3032,213.0,Cash
2033,3033,1448.0,Google Pay
2034,3034,2047.0,cash 
2035,3035,1452.0,card
2036,3036,983.0,Cash
2037,3037,835.0,Cash
2038,3038,821.0,Credit Card
2039,3039,2273.0,Cash
2040,3040,1243.0,Apple Pay
2041,3041,1585.0,Apple Pay
2042,3042,2251.0,Cash
2043,3043,1592.0,cash 
2044,3044,2077.0,Bank Transfer
2045,3045,258.0,cash 
2046,3046,1332.0,card
2047,3047,273.0,Card
2048,3048,442.0,cash 
2049,3049,,Cash
2050,3050,2387.0,Google Pay
2051,3051,1347.0,Apple Pay
2052,3052,706.0,card
2053,3053,1714.0,Apple Pay
2054,3054,952.0,Google Pay
2055,3055,1633.0,Bank Transfer
2056,3056,1869.0,Bank Transfer
2057,3057,1162.0,Apple Pay
2058,3058,1369.0,Card
2059,3059,891.0,Cash
2060,3060,739.0,cash 
2061,3061,1240.0,Apple Pay
2062,3062,314.0,Bank Transfer
2063,3063,133.0,Bank Transfer
2064,3064,986.0,Google Pay
2065,3065,2448.0,Apple Pay
2066,3066,700.0,card
2067,3067,1905.0,Credit Card
2068,3068,988.0,cash 
2069,3069,263.0,Credit Card
2070,3070,850.0,card
2071,3071,558.0,Bank Transfer
2072,3072,815.0,Apple Pay
2073,3073,134.0,Card
2074,3074,591.0,Apple Pay
2075,3075,1913.0,Credit Card
2076,3076,223.0,card
2077,3077,2056.0,cash 
2078,3078,2178.0,Cash
2079,3079,733.0,Bank Transfer
2080,3080,1272.0,card
2081,3081,1338.0,Bank Transfer
2082,3082,652.0,Bank Transfer
2083,3083,632.0,Card
2084,3084,1955.0,Cash
2085,3085,646.0,card
2086,3086,1825.0,card
2087,3087,215.0,Bank Transfer
2088,3088,729.0,Card
2089,3089,151.0,Apple Pay
2090,3090,1935.0,Cash
2091,3091,2448.0,card
2092,3092,2294.0,card
2093,3093,1144.0,Credit Card
2094,3094,952.0,Card
2095,3095,2381.0,Apple Pay
2096,3096,912.0,Card
2097,3097,320.0,Apple Pay
2098,3098,1932.0,Cash
2099,3099,2337.0,Cash
2100,3100,2465.0,Google Pay
2101,3101,1164.0,Cash
2102,3102,260.0,Google Pay
2103,3103,946.0,Apple Pay
2104,3104,1740.0,cash 
2105,3105,2020.0,card
2106,3106,680.0,cash 
2107,3107,1015.0,Bank Transfer
2108,3108,1013.0,Google Pay
2109,3109,1593.0,card
2110,3110,,cash 
2111,3111,260.0,Card
2112,3112,1552.0,Cash
2113,3113,459.0,Card
2114,3114,837.0,Credit Card
2115,3115,2204.0,card
2116,3116,1114.0,Credit Card
2117,3117,1212.0,Card
2118,3118,1903.0,Cash
2119,3119,1762.0,Apple Pay
2120,3120,685.0,Card
2121,3121,1888.0,Credit Card
2122,3122,2422.0,Apple Pay
2123,3123,2311.0,Google Pay
2124,3124,1650.0,Apple Pay
2125,3125,1082.0,cash 
2126,3126,1375.0,Bank Transfer
2127,3127,1339.0,Credit Card
2128,3128,1420.0,Credit Card
2129,3129,1188.0,Apple Pay
2130,3130,,Cash
2131,3131,478.0,Bank Transfer
2132,3132,2118.0,Google Pay
2133,3133,855.0,cash 
2134,3134,1238.0,Bank Transfer
2135,3135,307.0,Bank Transfer
2136,3136,2470.0,Apple Pay
2137,3137,989.0,Google Pay
2138,3138,1890.0,Apple Pay
2139,3139,1170.0,cash 
2140,3140,1304.0,Card
2141,3141,524.0,Apple Pay
2142,3142,1809.0,card
2143,3143,1107.0,Credit Card
2144,3144,1796.0,Apple Pay
2145,3145,1317.0,card
2146,3146,,Apple Pay
2147,3147,547.0,Bank Transfer
2148,3148,391.0,Cash
2149,3149,1075.0,Card
2150,3150,2188.0,Apple Pay
2151,3151,1821.0,card
2152,3152,2030.0,card
2153,3153,2333.0,Bank Transfer
2154,3154,199.0,Bank Transfer
2155,3155,1575.0,Cash
2156,3156,443.0,card
2157,3157,1445.0,card
2158,3158,1328.0,cash 
2159,3159,610.0,Google Pay
2160,3160,354.0,Cash
2161,3161,157.0,Google Pay
2162,3162,2200.0,card
2163,3163,1353.0,card
2164,3164,1182.0,Google Pay
2165,3165,2286.0,Google Pay
2166,3166,216.0,Google Pay
2167,3167,610.0,card
2168,3168,1529.0,cash 
2169,3169,1064.0,card
2170,3170,475.0,Card
2171,3171,2137.0,Apple Pay
2172,3172,818.0,Bank Transfer
2173,3173,1641.0,Apple Pay
2174,3174,1735.0,Google Pay
2175,3175,1771.0,Google Pay
2176,3176,833.0,Google Pay
2177,3177,541.0,Apple Pay
2178,3178,345.0,cash 
2179,3179,910.0,card
2180,3180,641.0,Credit Card
2181,3181,2175.0,Google Pay
2182,3182,820.0,Apple Pay
2183,3183,1824.0,Bank Transfer
2184,3184,1929.0,Google Pay
2185,3185,1194.0,Credit Card
2186,3186,2452.0,Bank Transfer
2187,3187,1178.0,Bank Transfer
2188,3188,596.0,Card
2189,3189,2309.0,Credit Card
2190,3190,454.0,Google Pay
2191,3191,307.0,card
2192,3192,2327.0,Credit Card
2193,3193,1390.0,cash 
2194,3194,1304.0,cash 
2195,3195,2365.0,Cash
2196,3196,1380.0,Card
2197,3197,2069.0,Apple Pay
2198,3198,611.0,Apple Pay
2199,3199,347.0,card
2200,3200,944.0,Cash
