date,product_id,opening_stock,closing_stock
2026-01-01,P001,51,35
2026-01-01,P002,103,100
2026-01-01,P003,94,87
2026-01-01,P004,77,71
2026-01-01,P005,77,72
2026-01-01,P006,109,107
2026-01-01,P007,51,50
2026-01-01,P008,97,89
2026-01-01,P009,60,47
2026-01-01,P010,52,44
2026-01-01,P011,84,84
2026-01-01,P012,118,111
2026-01-01,P013,100,91
2026-01-01,P014,102,119
2026-01-01,P015,98,83
2026-01-01,P016,103,102
2026-01-01,P017,83,81
2026-01-01,P018,54,54
2026-01-01,P019,107,106
2026-01-01,P020,78,77
2026-01-02,P001,35,28
2026-01-02,P002,100,89
2026-01-02,P003,87,76
2026-01-02,P004,71,66
2026-01-02,P005,72,71
2026-01-02,P006,107,104
2026-01-02,P007,50,45
2026-01-02,P008,89,82
2026-01-02,P009,47,113
2026-01-02,P010,44,41
2026-01-02,P011,84,82
2026-01-02,P012,111,108
2026-01-02,P013,91,79
2026-01-02,P014,119,105
2026-01-02,P015,83,73
2026-01-02,P016,102,100
2026-01-02,P017,81,78
2026-01-02,P018,54,54
2026-01-02,P019,106,101
2026-01-02,P020,77,73
2026-01-03,P001,28,60
2026-01-03,P002,89,80
2026-01-03,P003,76,113
2026-01-03,P004,66,58
2026-01-03,P005,71,67
2026-01-03,P006,104,102
2026-01-03,P007,45,34
2026-01-03,P008,82,76
2026-01-03,P009,113,100
2026-01-03,P010,41,57
2026-01-03,P011,82,80
2026-01-03,P012,108,101
2026-01-03,P013,79,68
2026-01-03,P014,105,93
2026-01-03,P015,73,59
2026-01-03,P016,100,97
2026-01-03,P017,78,71
2026-01-03,P018,54,54
2026-01-03,P019,101,94
2026-01-03,P020,73,72
2026-01-04,P001,60,46
2026-01-04,P002,80,71
2026-01-04,P003,113,100
2026-01-04,P004,58,50
2026-01-04,P005,67,64
2026-01-04,P006,102,102
2026-01-04,P007,34,29
2026-01-04,P008,76,65
2026-01-04,P009,100,80
2026-01-04,P010,57,50
2026-01-04,P011,80,75
2026-01-04,P012,101,95
2026-01-04,P013,68,55
2026-01-04,P014,93,79
2026-01-04,P015,59,44
2026-01-04,P016,97,95
2026-01-04,P017,71,63
2026-01-04,P018,54,53
2026-01-04,P019,94,86
2026-01-04,P020,72,70
2026-01-05,P001,46,119
2026-01-05,P002,71,65
2026-01-05,P003,100,91
2026-01-05,P004,50,43
2026-01-05,P005,64,62
2026-01-05,P006,102,98
2026-01-05,P007,29,22
2026-01-05,P008,65,58
2026-01-05,P009,80,73
2026-01-05,P010,50,41
2026-01-05,P011,75,73
2026-01-05,P012,95,87
2026-01-05,P013,55,42
2026-01-05,P014,79,71
2026-01-05,P015,44,33
2026-01-05,P016,95,89
2026-01-05,P017,63,53
2026-01-05,P018,53,52
2026-01-05,P019,86,83
2026-01-05,P020,70,70
2026-01-06,P001,119,105
2026-01-06,P002,65,58
2026-01-06,P003,91,80
2026-01-06,P004,43,34
2026-01-06,P005,62,58
2026-01-06,P006,98,97
2026-01-06,P007,22,15
2026-01-06,P008,58,50
2026-01-06,P009,73,59
2026-01-06,P010,41,34
2026-01-06,P011,73,67
2026-01-06,P012,87,85
2026-01-06,P013,42,110
2026-01-06,P014,71,59
2026-01-06,P015,33,23
2026-01-06,P016,89,87
2026-01-06,P017,53,49
2026-01-06,P018,52,52
2026-01-06,P019,83,79
2026-01-06,P020,70,69
2026-01-07,P001,105,86
2026-01-07,P002,58,50
2026-01-07,P003,80,68
2026-01-07,P004,34,31
2026-01-07,P005,58,58
2026-01-07,P006,97,91
2026-01-07,P007,15,11
2026-01-07,P008,50,39
2026-01-07,P009,59,87
2026-01-07,P010,34,31
2026-01-07,P011,67,65
2026-01-07,P012,85,74
2026-01-07,P013,110,100
2026-01-07,P014,59,49
2026-01-07,P015,23,46
2026-01-07,P016,87,86
2026-01-07,P017,49,47
2026-01-07,P018,52,50
2026-01-07,P019,79,76
2026-01-07,P020,69,65
2026-01-08,P001,86,75
2026-01-08,P002,50,46
2026-01-08,P003,68,59
2026-01-08,P004,31,27
2026-01-08,P005,58,57
2026-01-08,P006,91,90
2026-01-08,P007,11,49
2026-01-08,P008,39,35
2026-01-08,P009,87,73
2026-01-08,P010,31,27
2026-01-08,P011,65,64
2026-01-08,P012,74,66
2026-01-08,P013,100,94
2026-01-08,P014,49,38
2026-01-08,P015,46,88
2026-01-08,P016,86,83
2026-01-08,P017,47,42
2026-01-08,P018,50,48
2026-01-08,P019,76,72
2026-01-08,P020,65,59
2026-01-09,P001,75,63
2026-01-09,P002,46,40
2026-01-09,P003,59,55
2026-01-09,P004,27,23
2026-01-09,P005,57,55
2026-01-09,P006,90,87
2026-01-09,P007,49,41
2026-01-09,P008,35,21
2026-01-09,P009,73,56
2026-01-09,P010,27,95
2026-01-09,P011,64,61
2026-01-09,P012,66,60
2026-01-09,P013,94,81
2026-01-09,P014,38,32
2026-01-09,P015,88,74
2026-01-09,P016,83,80
2026-01-09,P017,42,34
2026-01-09,P018,48,47
2026-01-09,P019,72,65
2026-01-09,P020,59,58
2026-01-10,P001,63,55
2026-01-10,P002,40,31
2026-01-10,P003,55,39
2026-01-10,P004,23,16
2026-01-10,P005,55,52
2026-01-10,P006,87,80
2026-01-10,P007,41,33
2026-01-10,P008,21,75
2026-01-10,P009,56,108
2026-01-10,P010,95,84
2026-01-10,P011,61,59
2026-01-10,P012,60,54
2026-01-10,P013,81,68
2026-01-10,P014,32,100
2026-01-10,P015,74,64
2026-01-10,P016,80,77
2026-01-10,P017,34,27
2026-01-10,P018,47,45
2026-01-10,P019,65,60
2026-01-10,P020,58,57
2026-01-11,P001,55,42
2026-01-11,P002,31,22
2026-01-11,P003,39,74
2026-01-11,P004,16,82
2026-01-11,P005,52,45
2026-01-11,P006,80,80
2026-01-11,P007,33,27
2026-01-11,P008,75,69
2026-01-11,P009,108,89
2026-01-11,P010,84,74
2026-01-11,P011,59,55
2026-01-11,P012,54,46
2026-01-11,P013,68,57
2026-01-11,P014,100,91
2026-01-11,P015,64,49
2026-01-11,P016,77,75
2026-01-11,P017,27,15
2026-01-11,P018,45,45
2026-01-11,P019,60,52
2026-01-11,P020,57,53
2026-01-12,P001,42,83
2026-01-12,P002,22,15
2026-01-12,P003,74,61
2026-01-12,P004,82,80
2026-01-12,P005,45,41
2026-01-12,P006,80,78
2026-01-12,P007,27,25
2026-01-12,P008,69,63
2026-01-12,P009,89,75
2026-01-12,P010,74,60
2026-01-12,P011,55,51
2026-01-12,P012,46,35
2026-01-12,P013,57,53
2026-01-12,P014,91,86
2026-01-12,P015,49,103
2026-01-12,P016,75,72
2026-01-12,P017,15,67
2026-01-12,P018,45,45
2026-01-12,P019,52,49
2026-01-12,P020,53,87
2026-01-13,P001,83,70
2026-01-13,P002,15,84
2026-01-13,P003,61,54
2026-01-13,P004,80,74
2026-01-13,P005,41,38
2026-01-13,P006,78,78
2026-01-13,P007,25,22
2026-01-13,P008,63,58
2026-01-13,P009,75,58
2026-01-13,P010,60,53
2026-01-13,P011,51,45
2026-01-13,P012,35,28
2026-01-13,P013,53,44
2026-01-13,P014,86,76
2026-01-13,P015,103,86
2026-01-13,P016,72,72
2026-01-13,P017,67,65
2026-01-13,P018,45,45
2026-01-13,P019,49,47
2026-01-13,P020,87,83
2026-01-14,P001,70,60
2026-01-14,P002,84,82
2026-01-14,P003,54,48
2026-01-14,P004,74,70
2026-01-14,P005,38,37
2026-01-14,P006,78,74
2026-01-14,P007,22,20
2026-01-14,P008,58,43
2026-01-14,P009,58,52
2026-01-14,P010,53,51
2026-01-14,P011,45,40
2026-01-14,P012,28,25
2026-01-14,P013,44,38
2026-01-14,P014,76,68
2026-01-14,P015,86,79
2026-01-14,P016,72,69
2026-01-14,P017,65,61
2026-01-14,P018,45,44
2026-01-14,P019,47,46
2026-01-14,P020,83,81
2026-01-15,P001,60,50
2026-01-15,P002,82,80
2026-01-15,P003,48,40
2026-01-15,P004,70,65
2026-01-15,P005,37,33
2026-01-15,P006,74,73
2026-01-15,P007,20,19
2026-01-15,P008,43,35
2026-01-15,P009,52,119
2026-01-15,P010,51,45
2026-01-15,P011,40,36
2026-01-15,P012,25,21
2026-01-15,P013,38,26
2026-01-15,P014,68,62
2026-01-15,P015,79,70
2026-01-15,P016,69,69
2026-01-15,P017,61,54
2026-01-15,P018,44,43
2026-01-15,P019,46,44
2026-01-15,P020,81,81
2026-01-16,P001,50,35
2026-01-16,P002,80,75
2026-01-16,P003,40,32
2026-01-16,P004,65,59
2026-01-16,P005,33,29
2026-01-16,P006,73,68
2026-01-16,P007,19,61
2026-01-16,P008,35,29
2026-01-16,P009,119,108
2026-01-16,P010,45,41
2026-01-16,P011,36,34
2026-01-16,P012,21,101
2026-01-16,P013,26,89
2026-01-16,P014,62,55
2026-01-16,P015,70,60
2026-01-16,P016,69,67
2026-01-16,P017,54,52
2026-01-16,P018,43,41
2026-01-16,P019,44,39
2026-01-16,P020,81,79
2026-01-17,P001,35,87
2026-01-17,P002,75,69
2026-01-17,P003,32,58
2026-01-17,P004,59,54
2026-01-17,P005,29,25
2026-01-17,P006,68,67
2026-01-17,P007,61,58
2026-01-17,P008,29,98
2026-01-17,P009,108,95
2026-01-17,P010,41,30
2026-01-17,P011,34,31
2026-01-17,P012,101,124
2026-01-17,P013,89,78
2026-01-17,P014,55,52
2026-01-17,P015,60,48
2026-01-17,P016,67,65
2026-01-17,P017,52,47
2026-01-17,P018,41,41
2026-01-17,P019,39,35
2026-01-17,P020,79,75
2026-01-18,P001,87,78
2026-01-18,P002,69,66
2026-01-18,P003,58,51
2026-01-18,P004,54,50
2026-01-18,P005,25,23
2026-01-18,P006,67,60
2026-01-18,P007,58,55
2026-01-18,P008,98,90
2026-01-18,P009,95,85
2026-01-18,P010,30,24
2026-01-18,P011,31,30
2026-01-18,P012,124,119
2026-01-18,P013,78,67
2026-01-18,P014,52,47
2026-01-18,P015,48,103
2026-01-18,P016,65,63
2026-01-18,P017,47,44
2026-01-18,P018,41,41
2026-01-18,P019,35,28
2026-01-18,P020,75,75
2026-01-19,P001,78,69
2026-01-19,P002,66,58
2026-01-19,P003,51,44
2026-01-19,P004,50,47
2026-01-19,P005,23,21
2026-01-19,P006,60,59
2026-01-19,P007,55,50
2026-01-19,P008,90,84
2026-01-19,P009,85,74
2026-01-19,P010,24,77
2026-01-19,P011,30,30
2026-01-19,P012,119,115
2026-01-19,P013,67,61
2026-01-19,P014,47,37
2026-01-19,P015,103,96
2026-01-19,P016,63,60
2026-01-19,P017,44,39
2026-01-19,P018,41,40
2026-01-19,P019,28,20
2026-01-19,P020,75,73
2026-01-20,P001,69,59
2026-01-20,P002,58,53
2026-01-20,P003,44,38
2026-01-20,P004,47,45
2026-01-20,P005,21,19
2026-01-20,P006,59,58
2026-01-20,P007,50,49
2026-01-20,P008,84,82
2026-01-20,P009,74,63
2026-01-20,P010,77,73
2026-01-20,P011,30,28
2026-01-20,P012,115,110
2026-01-20,P013,61,52
2026-01-20,P014,37,33
2026-01-20,P015,96,88
2026-01-20,P016,60,55
2026-01-20,P017,39,34
2026-01-20,P018,40,40
2026-01-20,P019,20,92
2026-01-20,P020,73,70
2026-01-21,P001,59,57
2026-01-21,P002,53,52
2026-01-21,P003,38,106
2026-01-21,P004,45,42
2026-01-21,P005,19,17
2026-01-21,P006,58,56
2026-01-21,P007,49,46
2026-01-21,P008,82,76
2026-01-21,P009,63,55
2026-01-21,P010,73,66
2026-01-21,P011,28,25
2026-01-21,P012,110,105
2026-01-21,P013,52,47
2026-01-21,P014,33,92
2026-01-21,P015,88,81
2026-01-21,P016,55,53
2026-01-21,P017,34,34
2026-01-21,P018,40,39
2026-01-21,P019,92,89
2026-01-21,P020,70,66
2026-01-22,P001,57,48
2026-01-22,P002,52,46
2026-01-22,P003,106,93
2026-01-22,P004,42,36
2026-01-22,P005,17,15
2026-01-22,P006,56,56
2026-01-22,P007,46,43
2026-01-22,P008,76,70
2026-01-22,P009,55,101
2026-01-22,P010,66,61
2026-01-22,P011,25,19
2026-01-22,P012,105,99
2026-01-22,P013,47,40
2026-01-22,P014,92,90
2026-01-22,P015,81,75
2026-01-22,P016,53,51
2026-01-22,P017,34,31
2026-01-22,P018,39,38
2026-01-22,P019,89,80
2026-01-22,P020,66,64
2026-01-23,P001,48,98
2026-01-23,P002,46,75
2026-01-23,P003,93,86
2026-01-23,P004,36,30
2026-01-23,P005,15,11
2026-01-23,P006,56,55
2026-01-23,P007,43,39
2026-01-23,P008,70,65
2026-01-23,P009,101,88
2026-01-23,P010,61,56
2026-01-23,P011,19,16
2026-01-23,P012,99,94
2026-01-23,P013,40,93
2026-01-23,P014,90,82
2026-01-23,P015,75,65
2026-01-23,P016,51,49
2026-01-23,P017,31,29
2026-01-23,P018,38,37
2026-01-23,P019,80,79
2026-01-23,P020,64,64
2026-01-24,P001,98,89
2026-01-24,P002,75,117
2026-01-24,P003,86,76
2026-01-24,P004,30,23
2026-01-24,P005,11,89
2026-01-24,P006,55,50
2026-01-24,P007,39,29
2026-01-24,P008,65,59
2026-01-24,P009,88,80
2026-01-24,P010,56,51
2026-01-24,P011,16,15
2026-01-24,P012,94,87
2026-01-24,P013,93,81
2026-01-24,P014,82,78
2026-01-24,P015,65,50
2026-01-24,P016,49,44
2026-01-24,P017,29,24
2026-01-24,P018,37,36
2026-01-24,P019,79,74
2026-01-24,P020,64,64
2026-01-25,P001,89,77
2026-01-25,P002,117,114
2026-01-25,P003,76,66
2026-01-25,P004,23,20
2026-01-25,P005,89,88
2026-01-25,P006,50,45
2026-01-25,P007,29,26
2026-01-25,P008,59,53
2026-01-25,P009,80,62
2026-01-25,P010,51,43
2026-01-25,P011,15,15
2026-01-25,P012,87,81
2026-01-25,P013,81,69
2026-01-25,P014,78,72
2026-01-25,P015,50,85
2026-01-25,P016,44,43
2026-01-25,P017,24,22
2026-01-25,P018,36,32
2026-01-25,P019,74,66
2026-01-25,P020,64,62
2026-01-26,P001,77,66
2026-01-26,P002,114,107
2026-01-26,P003,66,61
2026-01-26,P004,20,16
2026-01-26,P005,88,87
2026-01-26,P006,45,44
2026-01-26,P007,26,21
2026-01-26,P008,53,51
2026-01-26,P009,62,54
2026-01-26,P010,43,30
2026-01-26,P011,15,13
2026-01-26,P012,81,78
2026-01-26,P013,69,63
2026-01-26,P014,72,63
2026-01-26,P015,85,72
2026-01-26,P016,43,40
2026-01-26,P017,22,19
2026-01-26,P018,32,32
2026-01-26,P019,66,62
2026-01-26,P020,62,60
2026-01-27,P001,66,55
2026-01-27,P002,107,103
2026-01-27,P003,61,52
2026-01-27,P004,16,48
2026-01-27,P005,87,85
2026-01-27,P006,44,42
2026-01-27,P007,21,16
2026-01-27,P008,51,43
2026-01-27,P009,54,133
2026-01-27,P010,30,24
2026-01-27,P011,13,84
2026-01-27,P012,78,71
2026-01-27,P013,63,55
2026-01-27,P014,63,55
2026-01-27,P015,72,67
2026-01-27,P016,40,35
2026-01-27,P017,19,17
2026-01-27,P018,32,30
2026-01-27,P019,62,54
2026-01-27,P020,60,57
2026-01-28,P001,55,37
2026-01-28,P002,103,99
2026-01-28,P003,52,49
2026-01-28,P004,48,44
2026-01-28,P005,85,82
2026-01-28,P006,42,40
2026-01-28,P007,16,94
2026-01-28,P008,43,34
2026-01-28,P009,133,120
2026-01-28,P010,24,17
2026-01-28,P011,84,79
2026-01-28,P012,71,68
2026-01-28,P013,55,45
2026-01-28,P014,55,46
2026-01-28,P015,67,59
2026-01-28,P016,35,33
2026-01-28,P017,17,61
2026-01-28,P018,30,30
2026-01-28,P019,54,52
2026-01-28,P020,57,54
2026-01-29,P001,37,70
2026-01-29,P002,99,93
2026-01-29,P003,49,42
2026-01-29,P004,44,38
2026-01-29,P005,82,81
2026-01-29,P006,40,39
2026-01-29,P007,94,89
2026-01-29,P008,34,28
2026-01-29,P009,120,107
2026-01-29,P010,17,90
2026-01-29,P011,79,76
2026-01-29,P012,68,62
2026-01-29,P013,45,36
2026-01-29,P014,46,34
2026-01-29,P015,59,51
2026-01-29,P016,33,31
2026-01-29,P017,61,60
2026-01-29,P018,30,29
2026-01-29,P019,52,50
2026-01-29,P020,54,51
2026-01-30,P001,70,62
2026-01-30,P002,93,92
2026-01-30,P003,42,33
2026-01-30,P004,38,35
2026-01-30,P005,81,78
2026-01-30,P006,39,39
2026-01-30,P007,89,87
2026-01-30,P008,28,85
2026-01-30,P009,107,97
2026-01-30,P010,90,84
2026-01-30,P011,76,74
2026-01-30,P012,62,52
2026-01-30,P013,36,114
2026-01-30,P014,34,82
2026-01-30,P015,51,42
2026-01-30,P016,31,29
2026-01-30,P017,60,57
2026-01-30,P018,29,27
2026-01-30,P019,50,47
2026-01-30,P020,51,48
2026-01-31,P001,62,44
2026-01-31,P002,92,84
2026-01-31,P003,33,96
2026-01-31,P004,35,32
2026-01-31,P005,78,75
2026-01-31,P006,39,39
2026-01-31,P007,87,82
2026-01-31,P008,85,81
2026-01-31,P009,97,76
2026-01-31,P010,84,75
2026-01-31,P011,74,73
2026-01-31,P012,52,43
2026-01-31,P013,114,101
2026-01-31,P014,82,70
2026-01-31,P015,42,31
2026-01-31,P016,29,29
2026-01-31,P017,57,54
2026-01-31,P018,27,26
2026-01-31,P019,47,40
2026-01-31,P020,48,47
2026-02-01,P001,44,104
2026-02-01,P002,84,80
2026-02-01,P003,96,87
2026-02-01,P004,32,26
2026-02-01,P005,75,69
2026-02-01,P006,39,34
2026-02-01,P007,82,76
2026-02-01,P008,81,74
2026-02-01,P009,76,54
2026-02-01,P010,75,66
2026-02-01,P011,73,70
2026-02-01,P012,43,36
2026-02-01,P013,101,87
2026-02-01,P014,70,59
2026-02-01,P015,31,91
2026-02-01,P016,29,29
2026-02-01,P017,54,43
2026-02-01,P018,26,25
2026-02-01,P019,40,35
2026-02-01,P020,47,47
2026-02-02,P001,104,93
2026-02-02,P002,80,74
2026-02-02,P003,87,80
2026-02-02,P004,26,23
2026-02-02,P005,69,68
2026-02-02,P006,34,31
2026-02-02,P007,76,72
2026-02-02,P008,74,64
2026-02-02,P009,54,44
2026-02-02,P010,66,57
2026-02-02,P011,70,66
2026-02-02,P012,36,33
2026-02-02,P013,87,81
2026-02-02,P014,59,56
2026-02-02,P015,91,80
2026-02-02,P016,29,26
2026-02-02,P017,43,38
2026-02-02,P018,25,24
2026-02-02,P019,35,31
2026-02-02,P020,47,44
2026-02-03,P001,93,83
2026-02-03,P002,74,68
2026-02-03,P003,80,69
2026-02-03,P004,23,18
2026-02-03,P005,68,65
2026-02-03,P006,31,29
2026-02-03,P007,72,68
2026-02-03,P008,64,60
2026-02-03,P009,44,112
2026-02-03,P010,57,52
2026-02-03,P011,66,64
2026-02-03,P012,33,26
2026-02-03,P013,81,71
2026-02-03,P014,56,50
2026-02-03,P015,80,69
2026-02-03,P016,26,26
2026-02-03,P017,38,33
2026-02-03,P018,24,23
2026-02-03,P019,31,25
2026-02-03,P020,44,44
2026-02-04,P001,83,69
2026-02-04,P002,68,61
2026-02-04,P003,69,62
2026-02-04,P004,18,13
2026-02-04,P005,65,62
2026-02-04,P006,29,28
2026-02-04,P007,68,66
2026-02-04,P008,60,52
2026-02-04,P009,112,102
2026-02-04,P010,52,49
2026-02-04,P011,64,58
2026-02-04,P012,26,23
2026-02-04,P013,71,58
2026-02-04,P014,50,46
2026-02-04,P015,69,63
2026-02-04,P016,26,24
2026-02-04,P017,33,26
2026-02-04,P018,23,21
2026-02-04,P019,25,20
2026-02-04,P020,44,42
2026-02-05,P001,69,59
2026-02-05,P002,61,106
2026-02-05,P003,62,55
2026-02-05,P004,13,88
2026-02-05,P005,62,57
2026-02-05,P006,28,27
2026-02-05,P007,66,65
2026-02-05,P008,52,45
2026-02-05,P009,102,88
2026-02-05,P010,49,43
2026-02-05,P011,58,55
2026-02-05,P012,23,66
2026-02-05,P013,58,47
2026-02-05,P014,46,40
2026-02-05,P015,63,50
2026-02-05,P016,24,20
2026-02-05,P017,26,19
2026-02-05,P018,21,20
2026-02-05,P019,20,15
2026-02-05,P020,42,39
2026-02-06,P001,59,47
2026-02-06,P002,106,97
2026-02-06,P003,55,47
2026-02-06,P004,88,77
2026-02-06,P005,57,51
2026-02-06,P006,27,21
2026-02-06,P007,65,58
2026-02-06,P008,45,35
2026-02-06,P009,88,71
2026-02-06,P010,43,38
2026-02-06,P011,55,53
2026-02-06,P012,66,63
2026-02-06,P013,47,33
2026-02-06,P014,40,35
2026-02-06,P015,50,118
2026-02-06,P016,20,15
2026-02-06,P017,19,14
2026-02-06,P018,20,19
2026-02-06,P019,15,5
2026-02-06,P020,39,37
2026-02-07,P001,47,119
2026-02-07,P002,97,88
2026-02-07,P003,47,36
2026-02-07,P004,77,70
2026-02-07,P005,51,48
2026-02-07,P006,21,17
2026-02-07,P007,58,48
2026-02-07,P008,35,26
2026-02-07,P009,71,56
2026-02-07,P010,38,32
2026-02-07,P011,53,51
2026-02-07,P012,63,55
2026-02-07,P013,33,53
2026-02-07,P014,35,26
2026-02-07,P015,118,101
2026-02-07,P016,15,12
2026-02-07,P017,14,55
2026-02-07,P018,19,16
2026-02-07,P019,5,63
2026-02-07,P020,37,37
2026-02-08,P001,119,95
2026-02-08,P002,88,81
2026-02-08,P003,36,81
2026-02-08,P004,70,65
2026-02-08,P005,48,41
2026-02-08,P006,17,12
2026-02-08,P007,48,42
2026-02-08,P008,26,92
2026-02-08,P009,56,119
2026-02-08,P010,32,26
2026-02-08,P011,51,46
2026-02-08,P012,55,49
2026-02-08,P013,53,44
2026-02-08,P014,26,98
2026-02-08,P015,101,91
2026-02-08,P016,12,10
2026-02-08,P017,55,52
2026-02-08,P018,16,14
2026-02-08,P019,63,53
2026-02-08,P020,37,35
2026-02-09,P001,95,82
2026-02-09,P002,81,75
2026-02-09,P003,81,73
2026-02-09,P004,65,62
2026-02-09,P005,41,36
2026-02-09,P006,12,9
2026-02-09,P007,42,35
2026-02-09,P008,92,88
2026-02-09,P009,119,107
2026-02-09,P010,26,85
2026-02-09,P011,46,40
2026-02-09,P012,49,47
2026-02-09,P013,44,87
2026-02-09,P014,98,93
2026-02-09,P015,91,84
2026-02-09,P016,10,3
2026-02-09,P017,52,43
2026-02-09,P018,14,11
2026-02-09,P019,53,49
2026-02-09,P020,35,33
2026-02-10,P001,82,73
2026-02-10,P002,75,70
2026-02-10,P003,73,66
2026-02-10,P004,62,57
2026-02-10,P005,36,31
2026-02-10,P006,9,47
2026-02-10,P007,35,33
2026-02-10,P008,88,77
2026-02-10,P009,107,92
2026-02-10,P010,85,74
2026-02-10,P011,40,36
2026-02-10,P012,47,38
2026-02-10,P013,87,81
2026-02-10,P014,93,88
2026-02-10,P015,84,71
2026-02-10,P016,3,63
2026-02-10,P017,43,43
2026-02-10,P018,11,83
2026-02-10,P019,49,46
2026-02-10,P020,33,28
2026-02-11,P001,73,55
2026-02-11,P002,70,64
2026-02-11,P003,66,58
2026-02-11,P004,57,51
2026-02-11,P005,31,30
2026-02-11,P006,47,44
2026-02-11,P007,33,30
2026-02-11,P008,77,60
2026-02-11,P009,92,79
2026-02-11,P010,74,69
2026-02-11,P011,36,31
2026-02-11,P012,38,37
2026-02-11,P013,81,71
2026-02-11,P014,88,80
2026-02-11,P015,71,57
2026-02-11,P016,63,62
2026-02-11,P017,43,38
2026-02-11,P018,83,82
2026-02-11,P019,46,42
2026-02-11,P020,28,25
2026-02-12,P001,55,46
2026-02-12,P002,64,57
2026-02-12,P003,58,50
2026-02-12,P004,51,47
2026-02-12,P005,30,28
2026-02-12,P006,44,42
2026-02-12,P007,30,24
2026-02-12,P008,60,53
2026-02-12,P009,79,72
2026-02-12,P010,69,60
2026-02-12,P011,31,26
2026-02-12,P012,37,34
2026-02-12,P013,71,65
2026-02-12,P014,80,73
2026-02-12,P015,57,48
2026-02-12,P016,62,61
2026-02-12,P017,38,34
2026-02-12,P018,82,81
2026-02-12,P019,42,41
2026-02-12,P020,25,24
2026-02-13,P001,46,115
2026-02-13,P002,57,49
2026-02-13,P003,50,41
2026-02-13,P004,47,41
2026-02-13,P005,28,25
2026-02-13,P006,42,41
2026-02-13,P007,24,18
2026-02-13,P008,53,49
2026-02-13,P009,72,63
2026-02-13,P010,60,51
2026-02-13,P011,26,25
2026-02-13,P012,34,64
2026-02-13,P013,65,52
2026-02-13,P014,73,70
2026-02-13,P015,48,114
2026-02-13,P016,61,61
2026-02-13,P017,34,32
2026-02-13,P018,81,81
2026-02-13,P019,41,36
2026-02-13,P020,24,20
2026-02-14,P001,115,108
2026-02-14,P002,49,40
2026-02-14,P003,41,31
2026-02-14,P004,41,37
2026-02-14,P005,25,70
2026-02-14,P006,41,39
2026-02-14,P007,18,79
2026-02-14,P008,49,41
2026-02-14,P009,63,50
2026-02-14,P010,51,46
2026-02-14,P011,25,24
2026-02-14,P012,64,54
2026-02-14,P013,52,43
2026-02-14,P014,70,63
2026-02-14,P015,114,102
2026-02-14,P016,61,55
2026-02-14,P017,32,29
2026-02-14,P018,81,80
2026-02-14,P019,36,27
2026-02-14,P020,20,19
2026-02-15,P001,108,103
2026-02-15,P002,40,36
2026-02-15,P003,31,96
2026-02-15,P004,37,32
2026-02-15,P005,70,66
2026-02-15,P006,39,38
2026-02-15,P007,79,72
2026-02-15,P008,41,34
2026-02-15,P009,50,35
2026-02-15,P010,46,40
2026-02-15,P011,24,20
2026-02-15,P012,54,47
2026-02-15,P013,43,74
2026-02-15,P014,63,50
2026-02-15,P015,102,96
2026-02-15,P016,55,53
2026-02-15,P017,29,27
2026-02-15,P018,80,79
2026-02-15,P019,27,16
2026-02-15,P020,19,17
2026-02-16,P001,103,92
2026-02-16,P002,36,35
2026-02-16,P003,96,83
2026-02-16,P004,32,28
2026-02-16,P005,66,64
2026-02-16,P006,38,34
2026-02-16,P007,72,66
2026-02-16,P008,34,77
2026-02-16,P009,35,95
2026-02-16,P010,40,30
2026-02-16,P011,20,18
2026-02-16,P012,47,38
2026-02-16,P013,74,68
2026-02-16,P014,50,40
2026-02-16,P015,96,84
2026-02-16,P016,53,50
2026-02-16,P017,27,25
2026-02-16,P018,79,79
2026-02-16,P019,16,48
2026-02-16,P020,17,47
2026-02-17,P001,92,86
2026-02-17,P002,35,29
2026-02-17,P003,83,69
2026-02-17,P004,28,22
2026-02-17,P005,64,62
2026-02-17,P006,34,31
2026-02-17,P007,66,60
2026-02-17,P008,77,71
2026-02-17,P009,95,86
2026-02-17,P010,30,25
2026-02-17,P011,18,16
2026-02-17,P012,38,37
2026-02-17,P013,68,55
2026-02-17,P014,40,33
2026-02-17,P015,84,75
2026-02-17,P016,50,50
2026-02-17,P017,25,22
2026-02-17,P018,79,79
2026-02-17,P019,48,47
2026-02-17,P020,47,47
2026-02-18,P001,86,78
2026-02-18,P002,29,26
2026-02-18,P003,69,65
2026-02-18,P004,22,18
2026-02-18,P005,62,56
2026-02-18,P006,31,27
2026-02-18,P007,60,57
2026-02-18,P008,71,66
2026-02-18,P009,86,75
2026-02-18,P010,25,92
2026-02-18,P011,16,12
2026-02-18,P012,37,29
2026-02-18,P013,55,47
2026-02-18,P014,33,70
2026-02-18,P015,75,63
2026-02-18,P016,50,48
2026-02-18,P017,22,19
2026-02-18,P018,79,78
2026-02-18,P019,47,98
2026-02-18,P020,47,44
2026-02-19,P001,78,64
2026-02-19,P002,26,24
2026-02-19,P003,65,56
2026-02-19,P004,18,89
2026-02-19,P005,56,56
2026-02-19,P006,27,26
2026-02-19,P007,57,53
2026-02-19,P008,66,55
2026-02-19,P009,75,68
2026-02-19,P010,92,88
2026-02-19,P011,12,46
2026-02-19,P012,29,29
2026-02-19,P013,47,44
2026-02-19,P014,70,62
2026-02-19,P015,63,53
2026-02-19,P016,48,44
2026-02-19,P017,19,51
2026-02-19,P018,78,78
2026-02-19,P019,98,94
2026-02-19,P020,44,43
2026-02-20,P001,64,55
2026-02-20,P002,24,93
2026-02-20,P003,56,48
2026-02-20,P004,89,86
2026-02-20,P005,56,54
2026-02-20,P006,26,23
2026-02-20,P007,53,50
2026-02-20,P008,55,50
2026-02-20,P009,68,52
2026-02-20,P010,88,81
2026-02-20,P011,46,45
2026-02-20,P012,29,25
2026-02-20,P013,44,113
2026-02-20,P014,62,60
2026-02-20,P015,53,96
2026-02-20,P016,44,44
2026-02-20,P017,51,48
2026-02-20,P018,78,78
2026-02-20,P019,94,90
2026-02-20,P020,43,41
2026-02-21,P001,55,48
2026-02-21,P002,93,86
2026-02-21,P003,48,38
2026-02-21,P004,86,82
2026-02-21,P005,54,52
2026-02-21,P006,23,23
2026-02-21,P007,50,49
2026-02-21,P008,50,41
2026-02-21,P009,52,127
2026-02-21,P010,81,77
2026-02-21,P011,45,44
2026-02-21,P012,25,25
2026-02-21,P013,113,107
2026-02-21,P014,60,53
2026-02-21,P015,96,81
2026-02-21,P016,44,43
2026-02-21,P017,48,41
2026-02-21,P018,78,76
2026-02-21,P019,90,119
2026-02-21,P020,41,41
2026-02-22,P001,48,35
2026-02-22,P002,86,80
2026-02-22,P003,38,97
2026-02-22,P004,82,79
2026-02-22,P005,52,48
2026-02-22,P006,23,20
2026-02-22,P007,49,45
2026-02-22,P008,41,36
2026-02-22,P009,127,116
2026-02-22,P010,77,73
2026-02-22,P011,44,42
2026-02-22,P012,25,21
2026-02-22,P013,107,102
2026-02-22,P014,53,48
2026-02-22,P015,81,72
2026-02-22,P016,43,41
2026-02-22,P017,41,71
2026-02-22,P018,76,74
2026-02-22,P019,119,115
2026-02-22,P020,41,41
2026-02-23,P001,35,63
2026-02-23,P002,80,78
2026-02-23,P003,97,90
2026-02-23,P004,79,76
2026-02-23,P005,48,46
2026-02-23,P006,20,19
2026-02-23,P007,45,41
2026-02-23,P008,36,36
2026-02-23,P009,116,109
2026-02-23,P010,73,69
2026-02-23,P011,42,38
2026-02-23,P012,21,18
2026-02-23,P013,102,93
2026-02-23,P014,48,39
2026-02-23,P015,72,62
2026-02-23,P016,41,37
2026-02-23,P017,71,68
2026-02-23,P018,74,72
2026-02-23,P019,115,112
2026-02-23,P020,41,40
2026-02-24,P001,63,80
2026-02-24,P002,78,73
2026-02-24,P003,90,82
2026-02-24,P004,76,73
2026-02-24,P005,46,42
2026-02-24,P006,19,18
2026-02-24,P007,41,38
2026-02-24,P008,36,24
2026-02-24,P009,109,99
2026-02-24,P010,69,64
2026-02-24,P011,38,36
2026-02-24,P012,18,16
2026-02-24,P013,93,87
2026-02-24,P014,39,32
2026-02-24,P015,62,55
2026-02-24,P016,37,35
2026-02-24,P017,68,68
2026-02-24,P018,72,71
2026-02-24,P019,112,108
2026-02-24,P020,40,38
2026-02-25,P001,80,78
2026-02-25,P002,73,67
2026-02-25,P003,82,74
2026-02-25,P004,73,72
2026-02-25,P005,42,41
2026-02-25,P006,18,16
2026-02-25,P007,38,35
2026-02-25,P008,24,17
2026-02-25,P009,99,92
2026-02-25,P010,64,54
2026-02-25,P011,36,35
2026-02-25,P012,16,64
2026-02-25,P013,87,81
2026-02-25,P014,32,86
2026-02-25,P015,55,45
2026-02-25,P016,35,32
2026-02-25,P017,68,65
2026-02-25,P018,71,70
2026-02-25,P019,108,102
2026-02-25,P020,38,34
2026-02-26,P001,78,62
2026-02-26,P002,67,64
2026-02-26,P003,74,68
2026-02-26,P004,72,69
2026-02-26,P005,41,39
2026-02-26,P006,16,13
2026-02-26,P007,35,63
2026-02-26,P008,17,82
2026-02-26,P009,92,81
2026-02-26,P010,54,51
2026-02-26,P011,35,29
2026-02-26,P012,64,61
2026-02-26,P013,81,70
2026-02-26,P014,86,77
2026-02-26,P015,45,94
2026-02-26,P016,32,30
2026-02-26,P017,65,55
2026-02-26,P018,70,70
2026-02-26,P019,102,99
2026-02-26,P020,34,33
2026-02-27,P001,62,58
2026-02-27,P002,64,58
2026-02-27,P003,68,58
2026-02-27,P004,69,66
2026-02-27,P005,39,36
2026-02-27,P006,13,10
2026-02-27,P007,63,59
2026-02-27,P008,82,75
2026-02-27,P009,81,67
2026-02-27,P010,51,44
2026-02-27,P011,29,28
2026-02-27,P012,61,54
2026-02-27,P013,70,58
2026-02-27,P014,77,71
2026-02-27,P015,94,81
2026-02-27,P016,30,30
2026-02-27,P017,55,51
2026-02-27,P018,70,68
2026-02-27,P019,99,95
2026-02-27,P020,33,32
2026-02-28,P001,58,48
2026-02-28,P002,58,56
2026-02-28,P003,58,74
2026-02-28,P004,66,62
2026-02-28,P005,36,33
2026-02-28,P006,10,61
2026-02-28,P007,59,56
2026-02-28,P008,75,67
2026-02-28,P009,67,60
2026-02-28,P010,44,37
2026-02-28,P011,28,25
2026-02-28,P012,54,44
2026-02-28,P013,58,47
2026-02-28,P014,71,61
2026-02-28,P015,81,72
2026-02-28,P016,30,24
2026-02-28,P017,51,47
2026-02-28,P018,68,65
2026-02-28,P019,95,93
2026-02-28,P020,32,32
2026-03-01,P001,48,95
2026-03-01,P002,56,42
2026-03-01,P003,74,66
2026-03-01,P004,62,59
2026-03-01,P005,33,31
2026-03-01,P006,61,59
2026-03-01,P007,56,50
2026-03-01,P008,67,57
2026-03-01,P009,60,48
2026-03-01,P010,37,32
2026-03-01,P011,25,23
2026-03-01,P012,44,37
2026-03-01,P013,47,31
2026-03-01,P014,61,53
2026-03-01,P015,72,64
2026-03-01,P016,24,22
2026-03-01,P017,47,36
2026-03-01,P018,65,65
2026-03-01,P019,93,87
2026-03-01,P020,32,30
2026-03-02,P001,95,85
2026-03-02,P002,42,38
2026-03-02,P003,66,58
2026-03-02,P004,59,55
2026-03-02,P005,31,28
2026-03-02,P006,59,56
2026-03-02,P007,50,46
2026-03-02,P008,57,52
2026-03-02,P009,48,33
2026-03-02,P010,32,24
2026-03-02,P011,23,19
2026-03-02,P012,37,31
2026-03-02,P013,31,96
2026-03-02,P014,53,46
2026-03-02,P015,64,53
2026-03-02,P016,22,22
2026-03-02,P017,36,34
2026-03-02,P018,65,64
2026-03-02,P019,87,81
2026-03-02,P020,30,26
2026-03-03,P001,85,70
2026-03-03,P002,38,31
2026-03-03,P003,58,49
2026-03-03,P004,55,80
2026-03-03,P005,28,27
2026-03-03,P006,56,53
2026-03-03,P007,46,39
2026-03-03,P008,52,44
2026-03-03,P009,33,22
2026-03-03,P010,24,82
2026-03-03,P011,19,15
2026-03-03,P012,31,25
2026-03-03,P013,96,90
2026-03-03,P014,46,38
2026-03-03,P015,53,76
2026-03-03,P016,22,44
2026-03-03,P017,34,29
2026-03-03,P018,64,63
2026-03-03,P019,81,72
2026-03-03,P020,26,23
2026-03-04,P001,70,53
2026-03-04,P002,31,25
2026-03-04,P003,49,38
2026-03-04,P004,80,75
2026-03-04,P005,27,21
2026-03-04,P006,53,49
2026-03-04,P007,39,33
2026-03-04,P008,44,39
2026-03-04,P009,22,6
2026-03-04,P010,82,74
2026-03-04,P011,15,9
2026-03-04,P012,25,21
2026-03-04,P013,90,79
2026-03-04,P014,38,33
2026-03-04,P015,76,62
2026-03-04,P016,44,43
2026-03-04,P017,29,25
2026-03-04,P018,63,63
2026-03-04,P019,72,70
2026-03-04,P020,23,66
2026-03-05,P001,53,39
2026-03-05,P002,25,19
2026-03-05,P003,38,95
2026-03-05,P004,75,69
2026-03-05,P005,21,17
2026-03-05,P006,49,47
2026-03-05,P007,33,65
2026-03-05,P008,39,34
2026-03-05,P009,6,44
2026-03-05,P010,74,66
2026-03-05,P011,9,47
2026-03-05,P012,21,16
2026-03-05,P013,79,62
2026-03-05,P014,33,102
2026-03-05,P015,62,56
2026-03-05,P016,43,41
2026-03-05,P017,25,22
2026-03-05,P018,63,62
2026-03-05,P019,70,66
2026-03-05,P020,66,63
2026-03-06,P001,39,81
2026-03-06,P002,19,92
2026-03-06,P003,95,94
2026-03-06,P004,69,65
2026-03-06,P005,17,52
2026-03-06,P006,47,45
2026-03-06,P007,65,62
2026-03-06,P008,34,25
2026-03-06,P009,44,84
2026-03-06,P010,66,57
2026-03-06,P011,47,44
2026-03-06,P012,16,49
2026-03-06,P013,62,51
2026-03-06,P014,102,92
2026-03-06,P015,56,46
2026-03-06,P016,41,35
2026-03-06,P017,22,16
2026-03-06,P018,62,59
2026-03-06,P019,66,63
2026-03-06,P020,63,59
2026-03-07,P001,81,64
2026-03-07,P002,92,90
2026-03-07,P003,94,80
2026-03-07,P004,65,57
2026-03-07,P005,52,49
2026-03-07,P006,45,40
2026-03-07,P007,62,58
2026-03-07,P008,25,103
2026-03-07,P009,84,67
2026-03-07,P010,57,47
2026-03-07,P011,44,41
2026-03-07,P012,49,42
2026-03-07,P013,51,44
2026-03-07,P014,92,80
2026-03-07,P015,46,83
2026-03-07,P016,35,33
2026-03-07,P017,16,99
2026-03-07,P018,59,55
2026-03-07,P019,63,58
2026-03-07,P020,59,59
2026-03-08,P001,64,46
2026-03-08,P002,90,83
2026-03-08,P003,80,71
2026-03-08,P004,57,56
2026-03-08,P005,49,40
2026-03-08,P006,40,35
2026-03-08,P007,58,55
2026-03-08,P008,103,92
2026-03-08,P009,67,48
2026-03-08,P010,47,40
2026-03-08,P011,41,37
2026-03-08,P012,42,32
2026-03-08,P013,44,115
2026-03-08,P014,80,72
2026-03-08,P015,83,65
2026-03-08,P016,33,28
2026-03-08,P017,99,93
2026-03-08,P018,55,54
2026-03-08,P019,58,51
2026-03-08,P020,59,55
2026-03-09,P001,46,96
2026-03-09,P002,83,76
2026-03-09,P003,71,63
2026-03-09,P004,56,52
2026-03-09,P005,40,37
2026-03-09,P006,35,31
2026-03-09,P007,55,48
2026-03-09,P008,92,84
2026-03-09,P009,48,82
2026-03-09,P010,40,36
2026-03-09,P011,37,36
2026-03-09,P012,32,28
2026-03-09,P013,115,105
2026-03-09,P014,72,65
2026-03-09,P015,65,61
2026-03-09,P016,28,26
2026-03-09,P017,93,88
2026-03-09,P018,54,53
2026-03-09,P019,51,46
2026-03-09,P020,55,51
2026-03-10,P001,96,81
2026-03-10,P002,76,70
2026-03-10,P003,63,49
2026-03-10,P004,52,72
2026-03-10,P005,37,36
2026-03-10,P006,31,30
2026-03-10,P007,48,45
2026-03-10,P008,84,80
2026-03-10,P009,82,67
2026-03-10,P010,36,30
2026-03-10,P011,36,29
2026-03-10,P012,28,25
2026-03-10,P013,105,98
2026-03-10,P014,65,56
2026-03-10,P015,61,50
2026-03-10,P016,26,22
2026-03-10,P017,88,82
2026-03-10,P018,53,52
2026-03-10,P019,46,36
2026-03-10,P020,51,50
2026-03-11,P001,81,58
2026-03-11,P002,70,61
2026-03-11,P003,49,38
2026-03-11,P004,72,67
2026-03-11,P005,36,34
2026-03-11,P006,30,30
2026-03-11,P007,45,37
2026-03-11,P008,80,71
2026-03-11,P009,67,51
2026-03-11,P010,30,23
2026-03-11,P011,29,27
2026-03-11,P012,25,17
2026-03-11,P013,98,87
2026-03-11,P014,56,51
2026-03-11,P015,50,100
2026-03-11,P016,22,19
2026-03-11,P017,82,77
2026-03-11,P018,52,52
2026-03-11,P019,36,23
2026-03-11,P020,50,50
2026-03-12,P001,58,50
2026-03-12,P002,61,55
2026-03-12,P003,38,66
2026-03-12,P004,67,61
2026-03-12,P005,34,30
2026-03-12,P006,30,30
2026-03-12,P007,37,34
2026-03-12,P008,71,111
2026-03-12,P009,51,37
2026-03-12,P010,23,16
2026-03-12,P011,27,24
2026-03-12,P012,17,9
2026-03-12,P013,87,73
2026-03-12,P014,51,41
2026-03-12,P015,100,89
2026-03-12,P016,19,19
2026-03-12,P017,77,72
2026-03-12,P018,52,52
2026-03-12,P019,23,77
2026-03-12,P020,50,49
2026-03-13,P001,50,40
2026-03-13,P002,55,48
2026-03-13,P003,66,58
2026-03-13,P004,61,58
2026-03-13,P005,30,27
2026-03-13,P006,30,77
2026-03-13,P007,34,26
2026-03-13,P008,111,105
2026-03-13,P009,37,82
2026-03-13,P010,16,65
2026-03-13,P011,24,23
2026-03-13,P012,9,50
2026-03-13,P013,73,63
2026-03-13,P014,41,30
2026-03-13,P015,89,72
2026-03-13,P016,19,17
2026-03-13,P017,72,66
2026-03-13,P018,52,52
2026-03-13,P019,77,74
2026-03-13,P020,49,49
2026-03-14,P001,40,109
2026-03-14,P002,48,42
2026-03-14,P003,58,51
2026-03-14,P004,58,55
2026-03-14,P005,27,22
2026-03-14,P006,77,75
2026-03-14,P007,26,21
2026-03-14,P008,105,91
2026-03-14,P009,82,74
2026-03-14,P010,65,59
2026-03-14,P011,23,17
2026-03-14,P012,50,47
2026-03-14,P013,63,51
2026-03-14,P014,30,74
2026-03-14,P015,72,56
2026-03-14,P016,17,16
2026-03-14,P017,66,59
2026-03-14,P018,52,52
2026-03-14,P019,74,65
2026-03-14,P020,49,45
2026-03-15,P001,109,96
2026-03-15,P002,42,40
2026-03-15,P003,51,41
2026-03-15,P004,55,48
2026-03-15,P005,22,17
2026-03-15,P006,75,73
2026-03-15,P007,21,15
2026-03-15,P008,91,77
2026-03-15,P009,74,55
2026-03-15,P010,59,53
2026-03-15,P011,17,14
2026-03-15,P012,47,38
2026-03-15,P013,51,79
2026-03-15,P014,74,67
2026-03-15,P015,56,39
2026-03-15,P016,16,14
2026-03-15,P017,59,52
2026-03-15,P018,52,51
2026-03-15,P019,65,55
2026-03-15,P020,45,42
2026-03-16,P001,96,90
2026-03-16,P002,40,34
2026-03-16,P003,41,31
2026-03-16,P004,48,44
2026-03-16,P005,17,15
2026-03-16,P006,73,70
2026-03-16,P007,15,11
2026-03-16,P008,77,67
2026-03-16,P009,55,91
2026-03-16,P010,53,46
2026-03-16,P011,14,58
2026-03-16,P012,38,35
2026-03-16,P013,79,70
2026-03-16,P014,67,57
2026-03-16,P015,39,109
2026-03-16,P016,14,11
2026-03-16,P017,52,45
2026-03-16,P018,51,47
2026-03-16,P019,55,47
2026-03-16,P020,42,40
2026-03-17,P001,90,82
2026-03-17,P002,34,25
2026-03-17,P003,31,106
2026-03-17,P004,44,42
2026-03-17,P005,15,14
2026-03-17,P006,70,68
2026-03-17,P007,11,48
2026-03-17,P008,67,60
2026-03-17,P009,91,77
2026-03-17,P010,46,41
2026-03-17,P011,58,55
2026-03-17,P012,35,31
2026-03-17,P013,70,64
2026-03-17,P014,57,54
2026-03-17,P015,109,98
2026-03-17,P016,11,78
2026-03-17,P017,45,40
2026-03-17,P018,47,46
2026-03-17,P019,47,41
2026-03-17,P020,40,40
2026-03-18,P001,82,70
2026-03-18,P002,25,19
2026-03-18,P003,106,98
2026-03-18,P004,42,38
2026-03-18,P005,14,68
2026-03-18,P006,68,63
2026-03-18,P007,48,41
2026-03-18,P008,60,54
2026-03-18,P009,77,66
2026-03-18,P010,41,31
2026-03-18,P011,55,51
2026-03-18,P012,31,23
2026-03-18,P013,64,51
2026-03-18,P014,54,50
2026-03-18,P015,98,89
2026-03-18,P016,78,75
2026-03-18,P017,40,37
2026-03-18,P018,46,46
2026-03-18,P019,41,36
2026-03-18,P020,40,37
2026-03-19,P001,70,64
2026-03-19,P002,19,18
2026-03-19,P003,98,94
2026-03-19,P004,38,36
2026-03-19,P005,68,68
2026-03-19,P006,63,62
2026-03-19,P007,41,36
2026-03-19,P008,54,50
2026-03-19,P009,66,59
2026-03-19,P010,31,24
2026-03-19,P011,51,47
2026-03-19,P012,23,63
2026-03-19,P013,51,45
2026-03-19,P014,50,43
2026-03-19,P015,89,81
2026-03-19,P016,75,124
2026-03-19,P017,37,34
2026-03-19,P018,46,44
2026-03-19,P019,36,31
2026-03-19,P020,37,37
2026-03-20,P001,64,52
2026-03-20,P002,18,59
2026-03-20,P003,94,84
2026-03-20,P004,36,35
2026-03-20,P005,68,68
2026-03-20,P006,62,59
2026-03-20,P007,36,33
2026-03-20,P008,50,45
2026-03-20,P009,59,77
2026-03-20,P010,24,81
2026-03-20,P011,47,46
2026-03-20,P012,63,55
2026-03-20,P013,45,39
2026-03-20,P014,43,37
2026-03-20,P015,81,70
2026-03-20,P016,124,122
2026-03-20,P017,34,30
2026-03-20,P018,44,44
2026-03-20,P019,31,25
2026-03-20,P020,37,35
2026-03-21,P001,52,39
2026-03-21,P002,59,51
2026-03-21,P003,84,73
2026-03-21,P004,35,30
2026-03-21,P005,68,97
2026-03-21,P006,59,58
2026-03-21,P007,33,30
2026-03-21,P008,45,37
2026-03-21,P009,77,62
2026-03-21,P010,81,75
2026-03-21,P011,46,44
2026-03-21,P012,55,51
2026-03-21,P013,39,122
2026-03-21,P014,37,26
2026-03-21,P015,70,61
2026-03-21,P016,122,120
2026-03-21,P017,30,27
2026-03-21,P018,44,44
2026-03-21,P019,25,19
2026-03-21,P020,35,34
2026-03-22,P001,39,84
2026-03-22,P002,51,47
2026-03-22,P003,73,64
2026-03-22,P004,30,28
2026-03-22,P005,97,97
2026-03-22,P006,58,54
2026-03-22,P007,30,23
2026-03-22,P008,37,30
2026-03-22,P009,62,46
2026-03-22,P010,75,64
2026-03-22,P011,44,40
2026-03-22,P012,51,43
2026-03-22,P013,122,109
2026-03-22,P014,26,60
2026-03-22,P015,61,48
2026-03-22,P016,120,120
2026-03-22,P017,27,22
2026-03-22,P018,44,44
2026-03-22,P019,19,84
2026-03-22,P020,34,31
2026-03-23,P001,84,80
2026-03-23,P002,47,44
2026-03-23,P003,64,61
2026-03-23,P004,28,23
2026-03-23,P005,97,95
2026-03-23,P006,54,54
2026-03-23,P007,23,19
2026-03-23,P008,30,115
2026-03-23,P009,46,100
2026-03-23,P010,64,58
2026-03-23,P011,40,36
2026-03-23,P012,43,38
2026-03-23,P013,109,100
2026-03-23,P014,60,55
2026-03-23,P015,48,124
2026-03-23,P016,120,117
2026-03-23,P017,22,19
2026-03-23,P018,44,42
2026-03-23,P019,84,78
2026-03-23,P020,31,29
2026-03-24,P001,80,75
2026-03-24,P002,44,41
2026-03-24,P003,61,55
2026-03-24,P004,23,23
2026-03-24,P005,95,93
2026-03-24,P006,54,51
2026-03-24,P007,19,91
2026-03-24,P008,115,111
2026-03-24,P009,100,86
2026-03-24,P010,58,53
2026-03-24,P011,36,32
2026-03-24,P012,38,32
2026-03-24,P013,100,90
2026-03-24,P014,55,50
2026-03-24,P015,124,115
2026-03-24,P016,117,117
2026-03-24,P017,19,94
2026-03-24,P018,42,40
2026-03-24,P019,78,75
2026-03-24,P020,29,28
2026-03-25,P001,75,67
2026-03-25,P002,41,37
2026-03-25,P003,55,48
2026-03-25,P004,23,19
2026-03-25,P005,93,89
2026-03-25,P006,51,49
2026-03-25,P007,91,88
2026-03-25,P008,111,100
2026-03-25,P009,86,124
2026-03-25,P010,53,50
2026-03-25,P011,32,31
2026-03-25,P012,32,28
2026-03-25,P013,90,78
2026-03-25,P014,50,46
2026-03-25,P015,115,107
2026-03-25,P016,117,114
2026-03-25,P017,94,92
2026-03-25,P018,40,40
2026-03-25,P019,75,70
2026-03-25,P020,28,25
2026-03-26,P001,67,58
2026-03-26,P002,37,36
2026-03-26,P003,48,43
2026-03-26,P004,19,58
2026-03-26,P005,89,88
2026-03-26,P006,49,49
2026-03-26,P007,88,86
2026-03-26,P008,100,96
2026-03-26,P009,124,116
2026-03-26,P010,50,45
2026-03-26,P011,31,29
2026-03-26,P012,28,25
2026-03-26,P013,78,108
2026-03-26,P014,46,40
2026-03-26,P015,107,99
2026-03-26,P016,114,112
2026-03-26,P017,92,110
2026-03-26,P018,40,40
2026-03-26,P019,70,66
2026-03-26,P020,25,24
2026-03-27,P001,58,51
2026-03-27,P002,36,33
2026-03-27,P003,43,35
2026-03-27,P004,58,54
2026-03-27,P005,88,84
2026-03-27,P006,49,48
2026-03-27,P007,86,84
2026-03-27,P008,96,91
2026-03-27,P009,116,108
2026-03-27,P010,45,39
2026-03-27,P011,29,27
2026-03-27,P012,25,46
2026-03-27,P013,108,99
2026-03-27,P014,40,35
2026-03-27,P015,99,82
2026-03-27,P016,112,109
2026-03-27,P017,110,108
2026-03-27,P018,40,38
2026-03-27,P019,66,60
2026-03-27,P020,24,24
2026-03-28,P001,51,40
2026-03-28,P002,33,29
2026-03-28,P003,35,112
2026-03-28,P004,54,45
2026-03-28,P005,84,80
2026-03-28,P006,48,46
2026-03-28,P007,84,82
2026-03-28,P008,91,86
2026-03-28,P009,108,97
2026-03-28,P010,39,30
2026-03-28,P011,27,25
2026-03-28,P012,46,44
2026-03-28,P013,99,90
2026-03-28,P014,35,69
2026-03-28,P015,82,71
2026-03-28,P016,109,107
2026-03-28,P017,108,103
2026-03-28,P018,38,37
2026-03-28,P019,60,56
2026-03-28,P020,24,23
2026-03-29,P001,40,24
2026-03-29,P002,29,19
2026-03-29,P003,112,100
2026-03-29,P004,45,39
2026-03-29,P005,80,75
2026-03-29,P006,46,46
2026-03-29,P007,82,80
2026-03-29,P008,86,81
2026-03-29,P009,97,82
2026-03-29,P010,30,28
2026-03-29,P011,25,24
2026-03-29,P012,44,38
2026-03-29,P013,90,82
2026-03-29,P014,69,62
2026-03-29,P015,71,56
2026-03-29,P016,107,106
2026-03-29,P017,103,97
2026-03-29,P018,37,36
2026-03-29,P019,56,46
2026-03-29,P020,23,22
2026-03-30,P001,24,16
2026-03-30,P002,19,63
2026-03-30,P003,100,93
2026-03-30,P004,39,36
2026-03-30,P005,75,69
2026-03-30,P006,46,45
2026-03-30,P007,80,77
2026-03-30,P008,81,71
2026-03-30,P009,82,72
2026-03-30,P010,28,87
2026-03-30,P011,24,21
2026-03-30,P012,38,33
2026-03-30,P013,82,77
2026-03-30,P014,62,61
2026-03-30,P015,56,41
2026-03-30,P016,106,105
2026-03-30,P017,97,91
2026-03-30,P018,36,36
2026-03-30,P019,46,41
2026-03-30,P020,22,20
2026-03-31,P001,16,1
2026-03-31,P002,63,59
2026-03-31,P003,93,83
2026-03-31,P004,36,33
2026-03-31,P005,69,65
2026-03-31,P006,45,42
2026-03-31,P007,77,75
2026-03-31,P008,71,65
2026-03-31,P009,72,63
2026-03-31,P010,87,111
2026-03-31,P011,21,15
2026-03-31,P012,33,32
2026-03-31,P013,77,66
2026-03-31,P014,61,41
2026-03-31,P015,41,97
2026-03-31,P016,105,104
2026-03-31,P017,91,87
2026-03-31,P018,36,35
2026-03-31,P019,41,39
2026-03-31,P020,20,19
2026-04-01,P001,1,0
2026-04-01,P002,59,58
2026-04-01,P003,83,71
2026-04-01,P004,33,29
2026-04-01,P005,65,62
2026-04-01,P006,42,40
2026-04-01,P007,75,70
2026-04-01,P008,65,59
2026-04-01,P009,63,51
2026-04-01,P010,111,105
2026-04-01,P011,15,14
2026-04-01,P012,32,25
2026-04-01,P013,66,53
2026-04-01,P014,41,32
2026-04-01,P015,97,83
2026-04-01,P016,104,102
2026-04-01,P017,87,84
2026-04-01,P018,35,35
2026-04-01,P019,39,31
2026-04-01,P020,19,17
2026-04-02,P001,0,0
2026-04-02,P002,58,52
2026-04-02,P003,71,64
2026-04-02,P004,29,29
2026-04-02,P005,62,61
2026-04-02,P006,40,37
2026-04-02,P007,70,64
2026-04-02,P008,59,50
2026-04-02,P009,51,115
2026-04-02,P010,105,100
2026-04-02,P011,14,101
2026-04-02,P012,25,21
2026-04-02,P013,53,50
2026-04-02,P014,32,86
2026-04-02,P015,83,70
2026-04-02,P016,102,102
2026-04-02,P017,84,78
2026-04-02,P018,35,35
2026-04-02,P019,31,29
2026-04-02,P020,17,15
2026-04-03,P001,0,62
2026-04-03,P002,52,46
2026-04-03,P003,64,60
2026-04-03,P004,29,24
2026-04-03,P005,61,56
2026-04-03,P006,37,37
2026-04-03,P007,64,55
2026-04-03,P008,50,39
2026-04-03,P009,115,100
2026-04-03,P010,100,96
2026-04-03,P011,101,96
2026-04-03,P012,21,83
2026-04-03,P013,50,42
2026-04-03,P014,86,79
2026-04-03,P015,70,59
2026-04-03,P016,102,101
2026-04-03,P017,78,75
2026-04-03,P018,35,35
2026-04-03,P019,29,23
2026-04-03,P020,15,51
2026-04-04,P001,62,52
2026-04-04,P002,46,34
2026-04-04,P003,60,49
2026-04-04,P004,24,18
2026-04-04,P005,56,51
2026-04-04,P006,37,33
2026-04-04,P007,55,46
2026-04-04,P008,39,26
2026-04-04,P009,100,88
2026-04-04,P010,96,84
2026-04-04,P011,96,134
2026-04-04,P012,83,78
2026-04-04,P013,42,116
2026-04-04,P014,79,66
2026-04-04,P015,59,39
2026-04-04,P016,101,94
2026-04-04,P017,75,64
2026-04-04,P018,35,35
2026-04-04,P019,23,94
2026-04-04,P020,51,47
2026-04-05,P001,52,36
2026-04-05,P002,34,28
2026-04-05,P003,49,43
2026-04-05,P004,18,48
2026-04-05,P005,51,45
2026-04-05,P006,33,33
2026-04-05,P007,46,38
2026-04-05,P008,26,15
2026-04-05,P009,88,72
2026-04-05,P010,84,73
2026-04-05,P011,134,129
2026-04-05,P012,78,71
2026-04-05,P013,116,109
2026-04-05,P014,66,59
2026-04-05,P015,39,60
2026-04-05,P016,94,93
2026-04-05,P017,64,62
2026-04-05,P018,35,33
2026-04-05,P019,94,85
2026-04-05,P020,47,44
2026-04-06,P001,36,75
2026-04-06,P002,28,22
2026-04-06,P003,43,30
2026-04-06,P004,48,43
2026-04-06,P005,45,41
2026-04-06,P006,33,31
2026-04-06,P007,38,33
2026-04-06,P008,15,6
2026-04-06,P009,72,60
2026-04-06,P010,73,66
2026-04-06,P011,129,127
2026-04-06,P012,71,67
2026-04-06,P013,109,101
2026-04-06,P014,59,50
2026-04-06,P015,60,40
2026-04-06,P016,93,87
2026-04-06,P017,62,101
2026-04-06,P018,33,60
2026-04-06,P019,85,75
2026-04-06,P020,44,42
2026-04-07,P001,75,62
2026-04-07,P002,22,65
2026-04-07,P003,30,20
2026-04-07,P004,43,38
2026-04-07,P005,41,39
2026-04-07,P006,31,29
2026-04-07,P007,33,27
2026-04-07,P008,6,49
2026-04-07,P009,60,46
2026-04-07,P010,66,57
2026-04-07,P011,127,121
2026-04-07,P012,67,58
2026-04-07,P013,101,89
2026-04-07,P014,50,39
2026-04-07,P015,40,57
2026-04-07,P016,87,84
2026-04-07,P017,101,97
2026-04-07,P018,60,60
2026-04-07,P019,75,68
2026-04-07,P020,42,41
2026-04-08,P001,62,86
2026-04-08,P002,65,57
2026-04-08,P003,20,99
2026-04-08,P004,38,34
2026-04-08,P005,39,36
2026-04-08,P006,29,28
2026-04-08,P007,27,17
2026-04-08,P008,49,40
2026-04-08,P009,46,88
2026-04-08,P010,57,50
2026-04-08,P011,121,118
2026-04-08,P012,58,54
2026-04-08,P013,89,76
2026-04-08,P014,39,36
2026-04-08,P015,57,47
2026-04-08,P016,84,81
2026-04-08,P017,97,93
2026-04-08,P018,60,60
2026-04-08,P019,68,57
2026-04-08,P020,41,38
2026-04-09,P001,86,73
2026-04-09,P002,57,51
2026-04-09,P003,99,93
2026-04-09,P004,34,32
2026-04-09,P005,36,32
2026-04-09,P006,28,27
2026-04-09,P007,17,11
2026-04-09,P008,40,32
2026-04-09,P009,88,74
2026-04-09,P010,50,42
2026-04-09,P011,118,115
2026-04-09,P012,54,45
2026-04-09,P013,76,67
2026-04-09,P014,36,25
2026-04-09,P015,47,22
2026-04-09,P016,81,79
2026-04-09,P017,93,91
2026-04-09,P018,60,59
2026-04-09,P019,57,50
2026-04-09,P020,38,38
2026-04-10,P001,73,67
2026-04-10,P002,51,44
2026-04-10,P003,93,84
2026-04-10,P004,32,26
2026-04-10,P005,32,25
2026-04-10,P006,27,24
2026-04-10,P007,11,9
2026-04-10,P008,32,21
2026-04-10,P009,74,61
2026-04-10,P010,42,37
2026-04-10,P011,115,112
2026-04-10,P012,45,39
2026-04-10,P013,67,60
2026-04-10,P014,25,88
2026-04-10,P015,22,13
2026-04-10,P016,79,76
2026-04-10,P017,91,84
2026-04-10,P018,59,56
2026-04-10,P019,50,43
2026-04-10,P020,38,67
2026-04-11,P001,67,53
2026-04-11,P002,44,36
2026-04-11,P003,84,67
2026-04-11,P004,26,21
2026-04-11,P005,25,20
2026-04-11,P006,24,22
2026-04-11,P007,9,63
2026-04-11,P008,21,82
2026-04-11,P009,61,45
2026-04-11,P010,37,25
2026-04-11,P011,112,107
2026-04-11,P012,39,33
2026-04-11,P013,60,43
2026-04-11,P014,88,80
2026-04-11,P015,13,56
2026-04-11,P016,76,75
2026-04-11,P017,84,80
2026-04-11,P018,56,55
2026-04-11,P019,43,36
2026-04-11,P020,67,65
2026-04-12,P001,53,38
2026-04-12,P002,36,64
2026-04-12,P003,67,60
2026-04-12,P004,21,10
2026-04-12,P005,20,15
2026-04-12,P006,22,18
2026-04-12,P007,63,58
2026-04-12,P008,82,73
2026-04-12,P009,45,33
2026-04-12,P010,25,96
2026-04-12,P011,107,101
2026-04-12,P012,33,28
2026-04-12,P013,43,124
2026-04-12,P014,80,75
2026-04-12,P015,56,45
2026-04-12,P016,75,71
2026-04-12,P017,80,69
2026-04-12,P018,55,54
2026-04-12,P019,36,30
2026-04-12,P020,65,59
2026-04-13,P001,38,89
2026-04-13,P002,64,61
2026-04-13,P003,60,52
2026-04-13,P004,10,6
2026-04-13,P005,15,14
2026-04-13,P006,18,15
2026-04-13,P007,58,52
2026-04-13,P008,73,61
2026-04-13,P009,33,98
2026-04-13,P010,96,93
2026-04-13,P011,101,96
2026-04-13,P012,28,23
2026-04-13,P013,124,114
2026-04-13,P014,75,71
2026-04-13,P015,45,105
2026-04-13,P016,71,115
2026-04-13,P017,69,65
2026-04-13,P018,54,54
2026-04-13,P019,30,19
2026-04-13,P020,59,57
2026-04-14,P001,89,77
2026-04-14,P002,61,55
2026-04-14,P003,52,47
2026-04-14,P004,6,73
2026-04-14,P005,14,98
2026-04-14,P006,15,14
2026-04-14,P007,52,49
2026-04-14,P008,61,55
2026-04-14,P009,98,89
2026-04-14,P010,93,131
2026-04-14,P011,96,94
2026-04-14,P012,23,91
2026-04-14,P013,114,102
2026-04-14,P014,71,65
2026-04-14,P015,105,91
2026-04-14,P016,115,115
2026-04-14,P017,65,59
2026-04-14,P018,54,53
2026-04-14,P019,19,85
2026-04-14,P020,57,54
2026-04-15,P001,77,70
2026-04-15,P002,55,51
2026-04-15,P003,47,42
2026-04-15,P004,73,70
2026-04-15,P005,98,89
2026-04-15,P006,14,12
2026-04-15,P007,49,48
2026-04-15,P008,55,50
2026-04-15,P009,89,77
2026-04-15,P010,131,123
2026-04-15,P011,94,91
2026-04-15,P012,91,87
2026-04-15,P013,102,96
2026-04-15,P014,65,59
2026-04-15,P015,91,83
2026-04-15,P016,115,115
2026-04-15,P017,59,54
2026-04-15,P018,53,53
2026-04-15,P019,85,78
2026-04-15,P020,54,51
2026-04-16,P001,70,56
2026-04-16,P002,51,46
2026-04-16,P003,42,33
2026-04-16,P004,70,64
2026-04-16,P005,89,88
2026-04-16,P006,12,10
2026-04-16,P007,48,44
2026-04-16,P008,50,38
2026-04-16,P009,77,64
2026-04-16,P010,123,116
2026-04-16,P011,91,88
2026-04-16,P012,87,83
2026-04-16,P013,96,83
2026-04-16,P014,59,47
2026-04-16,P015,83,74
2026-04-16,P016,115,110
2026-04-16,P017,54,49
2026-04-16,P018,53,53
2026-04-16,P019,78,70
2026-04-16,P020,51,50
2026-04-17,P001,56,50
2026-04-17,P002,46,41
2026-04-17,P003,33,106
2026-04-17,P004,64,60
2026-04-17,P005,88,86
2026-04-17,P006,10,54
2026-04-17,P007,44,39
2026-04-17,P008,38,30
2026-04-17,P009,64,51
2026-04-17,P010,116,108
2026-04-17,P011,88,83
2026-04-17,P012,83,81
2026-04-17,P013,83,77
2026-04-17,P014,47,44
2026-04-17,P015,74,62
2026-04-17,P016,110,108
2026-04-17,P017,49,47
2026-04-17,P018,53,52
2026-04-17,P019,70,63
2026-04-17,P020,50,49
2026-04-18,P001,50,37
2026-04-18,P002,41,37
2026-04-18,P003,106,94
2026-04-18,P004,60,58
2026-04-18,P005,86,83
2026-04-18,P006,54,51
2026-04-18,P007,39,33
2026-04-18,P008,30,108
2026-04-18,P009,51,93
2026-04-18,P010,108,99
2026-04-18,P011,83,82
2026-04-18,P012,81,74
2026-04-18,P013,77,70
2026-04-18,P014,44,39
2026-04-18,P015,62,46
2026-04-18,P016,108,107
2026-04-18,P017,47,42
2026-04-18,P018,52,51
2026-04-18,P019,63,58
2026-04-18,P020,49,48
2026-04-19,P001,37,73
2026-04-19,P002,37,33
2026-04-19,P003,94,87
2026-04-19,P004,58,55
2026-04-19,P005,83,79
2026-04-19,P006,51,50
2026-04-19,P007,33,28
2026-04-19,P008,108,98
2026-04-19,P009,93,77
2026-04-19,P010,99,88
2026-04-19,P011,82,75
2026-04-19,P012,74,71
2026-04-19,P013,70,62
2026-04-19,P014,39,31
2026-04-19,P015,46,87
2026-04-19,P016,107,105
2026-04-19,P017,42,35
2026-04-19,P018,51,51
2026-04-19,P019,58,56
2026-04-19,P020,48,46
2026-04-20,P001,73,66
2026-04-20,P002,33,32
2026-04-20,P003,87,78
2026-04-20,P004,55,54
2026-04-20,P005,79,75
2026-04-20,P006,50,43
2026-04-20,P007,28,20
2026-04-20,P008,98,92
2026-04-20,P009,77,68
2026-04-20,P010,88,82
2026-04-20,P011,75,73
2026-04-20,P012,71,63
2026-04-20,P013,62,57
2026-04-20,P014,31,27
2026-04-20,P015,87,121
2026-04-20,P016,105,102
2026-04-20,P017,35,35
2026-04-20,P018,51,50
2026-04-20,P019,56,54
2026-04-20,P020,46,45
2026-04-21,P001,66,58
2026-04-21,P002,32,24
2026-04-21,P003,78,71
2026-04-21,P004,54,50
2026-04-21,P005,75,71
2026-04-21,P006,43,38
2026-04-21,P007,20,20
2026-04-21,P008,92,90
2026-04-21,P009,68,55
2026-04-21,P010,82,75
2026-04-21,P011,73,72
2026-04-21,P012,63,59
2026-04-21,P013,57,49
2026-04-21,P014,27,99
2026-04-21,P015,121,114
2026-04-21,P016,102,98
2026-04-21,P017,35,30
2026-04-21,P018,50,50
2026-04-21,P019,54,49
2026-04-21,P020,45,44
2026-04-22,P001,58,50
2026-04-22,P002,24,72
2026-04-22,P003,71,65
2026-04-22,P004,50,50
2026-04-22,P005,71,70
2026-04-22,P006,38,37
2026-04-22,P007,20,17
2026-04-22,P008,90,84
2026-04-22,P009,55,96
2026-04-22,P010,75,72
2026-04-22,P011,72,69
2026-04-22,P012,59,54
2026-04-22,P013,49,44
2026-04-22,P014,99,94
2026-04-22,P015,114,103
2026-04-22,P016,98,97
2026-04-22,P017,30,25
2026-04-22,P018,50,50
2026-04-22,P019,49,46
2026-04-22,P020,44,44
2026-04-23,P001,50,40
2026-04-23,P002,72,66
2026-04-23,P003,65,57
2026-04-23,P004,50,47
2026-04-23,P005,70,67
2026-04-23,P006,37,34
2026-04-23,P007,17,70
2026-04-23,P008,84,82
2026-04-23,P009,96,80
2026-04-23,P010,72,68
2026-04-23,P011,69,69
2026-04-23,P012,54,49
2026-04-23,P013,44,73
2026-04-23,P014,94,90
2026-04-23,P015,103,91
2026-04-23,P016,97,97
2026-04-23,P017,25,19
2026-04-23,P018,50,49
2026-04-23,P019,46,38
2026-04-23,P020,44,43
2026-04-24,P001,40,102
2026-04-24,P002,66,64
2026-04-24,P003,57,51
2026-04-24,P004,47,46
2026-04-24,P005,67,64
2026-04-24,P006,34,31
2026-04-24,P007,70,65
2026-04-24,P008,82,74
2026-04-24,P009,80,68
2026-04-24,P010,68,65
2026-04-24,P011,69,67
2026-04-24,P012,49,47
2026-04-24,P013,73,63
2026-04-24,P014,90,111
2026-04-24,P015,91,82
2026-04-24,P016,97,97
2026-04-24,P017,19,88
2026-04-24,P018,49,49
2026-04-24,P019,38,34
2026-04-24,P020,43,42
2026-04-25,P001,102,93
2026-04-25,P002,64,57
2026-04-25,P003,51,40
2026-04-25,P004,46,43
2026-04-25,P005,64,63
2026-04-25,P006,31,28
2026-04-25,P007,65,61
2026-04-25,P008,74,72
2026-04-25,P009,68,55
2026-04-25,P010,65,60
2026-04-25,P011,67,61
2026-04-25,P012,47,44
2026-04-25,P013,63,51
2026-04-25,P014,111,100
2026-04-25,P015,82,66
2026-04-25,P016,97,95
2026-04-25,P017,88,83
2026-04-25,P018,49,49
2026-04-25,P019,34,30
2026-04-25,P020,42,40
2026-04-26,P001,93,88
2026-04-26,P002,57,55
2026-04-26,P003,40,61
2026-04-26,P004,43,38
2026-04-26,P005,63,59
2026-04-26,P006,28,26
2026-04-26,P007,61,58
2026-04-26,P008,72,68
2026-04-26,P009,55,95
2026-04-26,P010,60,51
2026-04-26,P011,61,60
2026-04-26,P012,44,44
2026-04-26,P013,51,36
2026-04-26,P014,100,89
2026-04-26,P015,66,51
2026-04-26,P016,95,94
2026-04-26,P017,83,77
2026-04-26,P018,49,47
2026-04-26,P019,30,26
2026-04-26,P020,40,38
2026-04-27,P001,88,81
2026-04-27,P002,55,52
2026-04-27,P003,61,51
2026-04-27,P004,38,35
2026-04-27,P005,59,58
2026-04-27,P006,26,24
2026-04-27,P007,58,54
2026-04-27,P008,68,56
2026-04-27,P009,95,86
2026-04-27,P010,51,50
2026-04-27,P011,60,59
2026-04-27,P012,44,36
2026-04-27,P013,36,87
2026-04-27,P014,89,83
2026-04-27,P015,51,123
2026-04-27,P016,94,141
2026-04-27,P017,77,75
2026-04-27,P018,47,47
2026-04-27,P019,26,20
2026-04-27,P020,38,37
2026-04-28,P001,81,75
2026-04-28,P002,52,51
2026-04-28,P003,51,43
2026-04-28,P004,35,29
2026-04-28,P005,58,53
2026-04-28,P006,24,21
2026-04-28,P007,54,53
2026-04-28,P008,56,49
2026-04-28,P009,86,75
2026-04-28,P010,50,47
2026-04-28,P011,59,55
2026-04-28,P012,36,30
2026-04-28,P013,87,73
2026-04-28,P014,83,75
2026-04-28,P015,123,118
2026-04-28,P016,141,140
2026-04-28,P017,75,73
2026-04-28,P018,47,47
2026-04-28,P019,20,96
2026-04-28,P020,37,37
2026-04-29,P001,75,70
2026-04-29,P002,51,44
2026-04-29,P003,43,35
2026-04-29,P004,29,27
2026-04-29,P005,53,49
2026-04-29,P006,21,20
2026-04-29,P007,53,51
2026-04-29,P008,49,44
2026-04-29,P009,75,62
2026-04-29,P010,47,43
2026-04-29,P011,55,54
2026-04-29,P012,30,27
2026-04-29,P013,73,63
2026-04-29,P014,75,66
2026-04-29,P015,118,105
2026-04-29,P016,140,135
2026-04-29,P017,73,70
2026-04-29,P018,47,46
2026-04-29,P019,96,94
2026-04-29,P020,37,34
2026-04-30,P001,70,58
2026-04-30,P002,44,41
2026-04-30,P003,35,31
2026-04-30,P004,27,25
2026-04-30,P005,49,46
2026-04-30,P006,20,20
2026-04-30,P007,51,50
2026-04-30,P008,44,40
2026-04-30,P009,62,52
2026-04-30,P010,43,39
2026-04-30,P011,54,53
2026-04-30,P012,27,21
2026-04-30,P013,63,56
2026-04-30,P014,66,58
2026-04-30,P015,105,97
2026-04-30,P016,135,134
2026-04-30,P017,70,67
2026-04-30,P018,46,44
2026-04-30,P019,94,89
2026-04-30,P020,34,33
2026-05-01,P001,58,49
2026-05-01,P002,41,36
2026-05-01,P003,31,28
2026-05-01,P004,25,23
2026-05-01,P005,46,45
2026-05-01,P006,20,18
2026-05-01,P007,50,44
2026-05-01,P008,40,33
2026-05-01,P009,52,77
2026-05-01,P010,39,33
2026-05-01,P011,53,53
2026-05-01,P012,21,87
2026-05-01,P013,56,42
2026-05-01,P014,58,50
2026-05-01,P015,97,92
2026-05-01,P016,134,133
2026-05-01,P017,67,64
2026-05-01,P018,44,42
2026-05-01,P019,89,86
2026-05-01,P020,33,31
2026-05-02,P001,49,94
2026-05-02,P002,36,29
2026-05-02,P003,28,15
2026-05-02,P004,23,19
2026-05-02,P005,45,39
2026-05-02,P006,18,17
2026-05-02,P007,44,42
2026-05-02,P008,33,109
2026-05-02,P009,77,58
2026-05-02,P010,33,17
2026-05-02,P011,53,46
2026-05-02,P012,87,80
2026-05-02,P013,42,34
2026-05-02,P014,50,42
2026-05-02,P015,92,72
2026-05-02,P016,133,131
2026-05-02,P017,64,61
2026-05-02,P018,42,41
2026-05-02,P019,86,78
2026-05-02,P020,31,29
2026-05-03,P001,94,79
2026-05-03,P002,29,26
2026-05-03,P003,15,55
2026-05-03,P004,19,77
2026-05-03,P005,39,35
2026-05-03,P006,17,15
2026-05-03,P007,42,36
2026-05-03,P008,109,98
2026-05-03,P009,58,43
2026-05-03,P010,17,53
2026-05-03,P011,46,43
2026-05-03,P012,80,71
2026-05-03,P013,34,76
2026-05-03,P014,42,30
2026-05-03,P015,72,58
2026-05-03,P016,131,127
2026-05-03,P017,61,56
2026-05-03,P018,41,41
2026-05-03,P019,78,71
2026-05-03,P020,29,26
2026-05-04,P001,79,67
2026-05-04,P002,26,22
2026-05-04,P003,55,47
2026-05-04,P004,77,71
2026-05-04,P005,35,28
2026-05-04,P006,15,11
2026-05-04,P007,36,32
2026-05-04,P008,98,88
2026-05-04,P009,43,73
2026-05-04,P010,53,49
2026-05-04,P011,43,41
2026-05-04,P012,71,64
2026-05-04,P013,76,71
2026-05-04,P014,30,70
2026-05-04,P015,58,48
2026-05-04,P016,127,125
2026-05-04,P017,56,50
2026-05-04,P018,41,40
2026-05-04,P019,71,63
2026-05-04,P020,26,24
2026-05-05,P001,67,58
2026-05-05,P002,22,18
2026-05-05,P003,47,37
2026-05-05,P004,71,65
2026-05-05,P005,28,23
2026-05-05,P006,11,7
2026-05-05,P007,32,28
2026-05-05,P008,88,77
2026-05-05,P009,73,62
2026-05-05,P010,49,41
2026-05-05,P011,41,35
2026-05-05,P012,64,60
2026-05-05,P013,71,57
2026-05-05,P014,70,63
2026-05-05,P015,48,115
2026-05-05,P016,125,123
2026-05-05,P017,50,46
2026-05-05,P018,40,38
2026-05-05,P019,63,55
2026-05-05,P020,24,21
2026-05-06,P001,58,47
2026-05-06,P002,18,52
2026-05-06,P003,37,29
2026-05-06,P004,65,61
2026-05-06,P005,23,16
2026-05-06,P006,7,7
2026-05-06,P007,28,23
2026-05-06,P008,77,68
2026-05-06,P009,62,47
2026-05-06,P010,41,27
2026-05-06,P011,35,30
2026-05-06,P012,60,55
2026-05-06,P013,57,49
2026-05-06,P014,63,49
2026-05-06,P015,115,105
2026-05-06,P016,123,121
2026-05-06,P017,46,40
2026-05-06,P018,38,38
2026-05-06,P019,55,46
2026-05-06,P020,21,21
2026-05-07,P001,47,104
2026-05-07,P002,52,48
2026-05-07,P003,29,11
2026-05-07,P004,61,55
2026-05-07,P005,16,10
2026-05-07,P006,7,94
2026-05-07,P007,23,16
2026-05-07,P008,68,58
2026-05-07,P009,47,90
2026-05-07,P010,27,21
2026-05-07,P011,30,28
2026-05-07,P012,55,47
2026-05-07,P013,49,39
2026-05-07,P014,49,39
2026-05-07,P015,105,94
2026-05-07,P016,121,119
2026-05-07,P017,40,39
2026-05-07,P018,38,38
2026-05-07,P019,46,36
2026-05-07,P020,21,18
2026-05-08,P001,104,89
2026-05-08,P002,48,45
2026-05-08,P003,11,80
2026-05-08,P004,55,50
2026-05-08,P005,10,5
2026-05-08,P006,94,90
2026-05-08,P007,16,103
2026-05-08,P008,58,57
2026-05-08,P009,90,76
2026-05-08,P010,21,13
2026-05-08,P011,28,27
2026-05-08,P012,47,41
2026-05-08,P013,39,113
2026-05-08,P014,39,28
2026-05-08,P015,94,79
2026-05-08,P016,119,114
2026-05-08,P017,39,36
2026-05-08,P018,38,38
2026-05-08,P019,36,26
2026-05-08,P020,18,12
2026-05-09,P001,89,75
2026-05-09,P002,45,39
2026-05-09,P003,80,70
2026-05-09,P004,50,45
2026-05-09,P005,5,40
2026-05-09,P006,90,88
2026-05-09,P007,103,96
2026-05-09,P008,57,96
2026-05-09,P009,76,55
2026-05-09,P010,13,48
2026-05-09,P011,27,21
2026-05-09,P012,41,30
2026-05-09,P013,113,97
2026-05-09,P014,28,97
2026-05-09,P015,79,56
2026-05-09,P016,114,110
2026-05-09,P017,36,32
2026-05-09,P018,38,63
2026-05-09,P019,26,16
2026-05-09,P020,12,9
2026-05-10,P001,75,61
2026-05-10,P002,39,33
2026-05-10,P003,70,59
2026-05-10,P004,45,40
2026-05-10,P005,40,37
2026-05-10,P006,88,87
2026-05-10,P007,96,92
2026-05-10,P008,96,87
2026-05-10,P009,55,101
2026-05-10,P010,48,37
2026-05-10,P011,21,19
2026-05-10,P012,30,22
2026-05-10,P013,97,83
2026-05-10,P014,97,84
2026-05-10,P015,56,38
2026-05-10,P016,110,109
2026-05-10,P017,32,25
2026-05-10,P018,63,63
2026-05-10,P019,16,91
2026-05-10,P020,9,9
2026-05-11,P001,61,51
2026-05-11,P002,33,24
2026-05-11,P003,59,48
2026-05-11,P004,40,38
2026-05-11,P005,37,32
2026-05-11,P006,87,85
2026-05-11,P007,92,89
2026-05-11,P008,87,84
2026-05-11,P009,101,88
2026-05-11,P010,37,33
2026-05-11,P011,19,13
2026-05-11,P012,22,66
2026-05-11,P013,83,73
2026-05-11,P014,84,76
2026-05-11,P015,38,77
2026-05-11,P016,109,108
2026-05-11,P017,25,21
2026-05-11,P018,63,59
2026-05-11,P019,91,83
2026-05-11,P020,9,69
2026-05-12,P001,51,36
2026-05-12,P002,24,106
2026-05-12,P003,48,40
2026-05-12,P004,38,36
2026-05-12,P005,32,28
2026-05-12,P006,85,83
2026-05-12,P007,89,85
2026-05-12,P008,84,78
2026-05-12,P009,88,73
2026-05-12,P010,33,22
2026-05-12,P011,13,69
2026-05-12,P012,66,60
2026-05-12,P013,73,62
2026-05-12,P014,76,70
2026-05-12,P015,77,68
2026-05-12,P016,108,107
2026-05-12,P017,21,17
2026-05-12,P018,59,59
2026-05-12,P019,83,74
2026-05-12,P020,69,67
2026-05-13,P001,36,94
2026-05-13,P002,106,99
2026-05-13,P003,40,30
2026-05-13,P004,36,31
2026-05-13,P005,28,25
2026-05-13,P006,83,80
2026-05-13,P007,85,83
2026-05-13,P008,78,68
2026-05-13,P009,73,59
2026-05-13,P010,22,72
2026-05-13,P011,69,67
2026-05-13,P012,60,53
2026-05-13,P013,62,57
2026-05-13,P014,70,59
2026-05-13,P015,68,53
2026-05-13,P016,107,107
2026-05-13,P017,17,57
2026-05-13,P018,59,58
2026-05-13,P019,74,69
2026-05-13,P020,67,65
2026-05-14,P001,94,86
2026-05-14,P002,99,99
2026-05-14,P003,30,19
2026-05-14,P004,31,27
2026-05-14,P005,25,19
2026-05-14,P006,80,120
2026-05-14,P007,83,77
2026-05-14,P008,68,54
2026-05-14,P009,59,45
2026-05-14,P010,72,68
2026-05-14,P011,67,61
2026-05-14,P012,53,46
2026-05-14,P013,57,42
2026-05-14,P014,59,52
2026-05-14,P015,53,128
2026-05-14,P016,107,105
2026-05-14,P017,57,52
2026-05-14,P018,58,58
2026-05-14,P019,69,64
2026-05-14,P020,65,59
2026-05-15,P001,86,77
2026-05-15,P002,99,94
2026-05-15,P003,19,8
2026-05-15,P004,27,26
2026-05-15,P005,19,18
2026-05-15,P006,120,118
2026-05-15,P007,77,72
2026-05-15,P008,54,50
2026-05-15,P009,45,80
2026-05-15,P010,68,62
2026-05-15,P011,61,59
2026-05-15,P012,46,59
2026-05-15,P013,42,104
2026-05-15,P014,52,44
2026-05-15,P015,128,118
2026-05-15,P016,105,104
2026-05-15,P017,52,45
2026-05-15,P018,58,58
2026-05-15,P019,64,60
2026-05-15,P020,59,58
2026-05-16,P001,77,67
2026-05-16,P002,94,86
2026-05-16,P003,8,87
2026-05-16,P004,26,22
2026-05-16,P005,18,12
2026-05-16,P006,118,117
2026-05-16,P007,72,68
2026-05-16,P008,50,78
2026-05-16,P009,80,71
2026-05-16,P010,62,57
2026-05-16,P011,59,59
2026-05-16,P012,59,55
2026-05-16,P013,104,94
2026-05-16,P014,44,32
2026-05-16,P015,118,108
2026-05-16,P016,104,101
2026-05-16,P017,45,42
2026-05-16,P018,58,58
2026-05-16,P019,60,54
2026-05-16,P020,58,54
2026-05-17,P001,67,59
2026-05-17,P002,86,82
2026-05-17,P003,87,80
2026-05-17,P004,22,16
2026-05-17,P005,12,9
2026-05-17,P006,117,114
2026-05-17,P007,68,64
2026-05-17,P008,78,67
2026-05-17,P009,71,60
2026-05-17,P010,57,52
2026-05-17,P011,59,56
2026-05-17,P012,55,71
2026-05-17,P013,94,80
2026-05-17,P014,32,106
2026-05-17,P015,108,97
2026-05-17,P016,101,100
2026-05-17,P017,42,36
2026-05-17,P018,58,57
2026-05-17,P019,54,47
2026-05-17,P020,54,52
2026-05-18,P001,59,45
2026-05-18,P002,82,78
2026-05-18,P003,80,73
2026-05-18,P004,16,62
2026-05-18,P005,9,50
2026-05-18,P006,114,113
2026-05-18,P007,64,62
2026-05-18,P008,67,58
2026-05-18,P009,60,52
2026-05-18,P010,52,47
2026-05-18,P011,56,54
2026-05-18,P012,71,70
2026-05-18,P013,80,71
2026-05-18,P014,106,100
2026-05-18,P015,97,90
2026-05-18,P016,100,99
2026-05-18,P017,36,33
2026-05-18,P018,57,53
2026-05-18,P019,47,43
2026-05-18,P020,52,49
2026-05-19,P001,45,72
2026-05-19,P002,78,71
2026-05-19,P003,73,66
2026-05-19,P004,62,59
2026-05-19,P005,50,47
2026-05-19,P006,113,110
2026-05-19,P007,62,62
2026-05-19,P008,58,51
2026-05-19,P009,52,112
2026-05-19,P010,47,41
2026-05-19,P011,54,50
2026-05-19,P012,70,66
2026-05-19,P013,71,63
2026-05-19,P014,100,98
2026-05-19,P015,90,82
2026-05-19,P016,99,97
2026-05-19,P017,33,30
2026-05-19,P018,53,52
2026-05-19,P019,43,38
2026-05-19,P020,49,47
2026-05-20,P001,72,113
2026-05-20,P002,71,68
2026-05-20,P003,66,60
2026-05-20,P004,59,57
2026-05-20,P005,47,47
2026-05-20,P006,110,109
2026-05-20,P007,62,60
2026-05-20,P008,51,48
2026-05-20,P009,112,101
2026-05-20,P010,41,33
2026-05-20,P011,50,50
2026-05-20,P012,66,59
2026-05-20,P013,63,57
2026-05-20,P014,98,92
2026-05-20,P015,82,72
2026-05-20,P016,97,96
2026-05-20,P017,30,30
2026-05-20,P018,52,52
2026-05-20,P019,38,37
2026-05-20,P020,47,61
2026-05-21,P001,113,103
2026-05-21,P002,68,63
2026-05-21,P003,60,53
2026-05-21,P004,57,51
2026-05-21,P005,47,43
2026-05-21,P006,109,106
2026-05-21,P007,60,55
2026-05-21,P008,48,44
2026-05-21,P009,101,94
2026-05-21,P010,33,27
2026-05-21,P011,50,48
2026-05-21,P012,59,57
2026-05-21,P013,57,53
2026-05-21,P014,92,86
2026-05-21,P015,72,113
2026-05-21,P016,96,93
2026-05-21,P017,30,27
2026-05-21,P018,52,52
2026-05-21,P019,37,34
2026-05-21,P020,61,60
2026-05-22,P001,103,94
2026-05-22,P002,63,58
2026-05-22,P003,53,46
2026-05-22,P004,51,47
2026-05-22,P005,43,37
2026-05-22,P006,106,106
2026-05-22,P007,55,51
2026-05-22,P008,44,36
2026-05-22,P009,94,79
2026-05-22,P010,27,76
2026-05-22,P011,48,48
2026-05-22,P012,57,55
2026-05-22,P013,53,46
2026-05-22,P014,86,82
2026-05-22,P015,113,101
2026-05-22,P016,93,92
2026-05-22,P017,27,23
2026-05-22,P018,52,92
2026-05-22,P019,34,31
2026-05-22,P020,60,58
2026-05-23,P001,94,88
2026-05-23,P002,58,52
2026-05-23,P003,46,37
2026-05-23,P004,47,43
2026-05-23,P005,37,35
2026-05-23,P006,106,105
2026-05-23,P007,51,50
2026-05-23,P008,36,27
2026-05-23,P009,79,70
2026-05-23,P010,76,69
2026-05-23,P011,48,44
2026-05-23,P012,55,52
2026-05-23,P013,46,33
2026-05-23,P014,82,77
2026-05-23,P015,101,91
2026-05-23,P016,92,90
2026-05-23,P017,23,21
2026-05-23,P018,92,90
2026-05-23,P019,31,27
2026-05-23,P020,58,56
2026-05-24,P001,88,80
2026-05-24,P002,52,73
2026-05-24,P003,37,25
2026-05-24,P004,43,39
2026-05-24,P005,35,34
2026-05-24,P006,105,105
2026-05-24,P007,50,49
2026-05-24,P008,27,70
2026-05-24,P009,70,52
2026-05-24,P010,69,64
2026-05-24,P011,44,40
2026-05-24,P012,52,48
2026-05-24,P013,33,116
2026-05-24,P014,77,68
2026-05-24,P015,91,82
2026-05-24,P016,90,88
2026-05-24,P017,21,17
2026-05-24,P018,90,88
2026-05-24,P019,27,17
2026-05-24,P020,56,54
2026-05-25,P001,80,70
2026-05-25,P002,73,72
2026-05-25,P003,25,71
2026-05-25,P004,39,32
2026-05-25,P005,34,31
2026-05-25,P006,105,101
2026-05-25,P007,49,44
2026-05-25,P008,70,65
2026-05-25,P009,52,87
2026-05-25,P010,64,58
2026-05-25,P011,40,39
2026-05-25,P012,48,45
2026-05-25,P013,116,108
2026-05-25,P014,68,62
2026-05-25,P015,82,75
2026-05-25,P016,88,86
2026-05-25,P017,17,55
2026-05-25,P018,88,87
2026-05-25,P019,17,48
2026-05-25,P020,54,53
2026-05-26,P001,70,65
2026-05-26,P002,72,64
2026-05-26,P003,71,67
2026-05-26,P004,32,28
2026-05-26,P005,31,29
2026-05-26,P006,101,100
2026-05-26,P007,44,43
2026-05-26,P008,65,57
2026-05-26,P009,87,80
2026-05-26,P010,58,52
2026-05-26,P011,39,39
2026-05-26,P012,45,40
2026-05-26,P013,108,100
2026-05-26,P014,62,55
2026-05-26,P015,75,68
2026-05-26,P016,86,86
2026-05-26,P017,55,53
2026-05-26,P018,87,87
2026-05-26,P019,48,46
2026-05-26,P020,53,103
2026-05-27,P001,65,55
2026-05-27,P002,64,58
2026-05-27,P003,67,57
2026-05-27,P004,28,24
2026-05-27,P005,29,28
2026-05-27,P006,100,98
2026-05-27,P007,43,39
2026-05-27,P008,57,53
2026-05-27,P009,80,72
2026-05-27,P010,52,47
2026-05-27,P011,39,37
2026-05-27,P012,40,36
2026-05-27,P013,100,88
2026-05-27,P014,55,50
2026-05-27,P015,68,61
2026-05-27,P016,86,84
2026-05-27,P017,53,51
2026-05-27,P018,87,86
2026-05-27,P019,46,38
2026-05-27,P020,103,101
2026-05-28,P001,55,51
2026-05-28,P002,58,54
2026-05-28,P003,57,50
2026-05-28,P004,24,22
2026-05-28,P005,28,25
2026-05-28,P006,98,96
2026-05-28,P007,39,33
2026-05-28,P008,53,45
2026-05-28,P009,72,60
2026-05-28,P010,47,45
2026-05-28,P011,37,36
2026-05-28,P012,36,33
2026-05-28,P013,88,85
2026-05-28,P014,50,38
2026-05-28,P015,61,49
2026-05-28,P016,84,82
2026-05-28,P017,51,50
2026-05-28,P018,86,85
2026-05-28,P019,38,34
2026-05-28,P020,101,100
2026-05-29,P001,51,41
2026-05-29,P002,54,51
2026-05-29,P003,50,38
2026-05-29,P004,22,16
2026-05-29,P005,25,25
2026-05-29,P006,96,93
2026-05-29,P007,33,31
2026-05-29,P008,45,34
2026-05-29,P009,60,46
2026-05-29,P010,45,42
2026-05-29,P011,36,32
2026-05-29,P012,33,30
2026-05-29,P013,85,80
2026-05-29,P014,38,28
2026-05-29,P015,49,90
2026-05-29,P016,82,80
2026-05-29,P017,50,49
2026-05-29,P018,85,84
2026-05-29,P019,34,29
2026-05-29,P020,100,98
2026-05-30,P001,41,98
2026-05-30,P002,51,43
2026-05-30,P003,38,26
2026-05-30,P004,16,59
2026-05-30,P005,25,22
2026-05-30,P006,93,89
2026-05-30,P007,31,23
2026-05-30,P008,34,76
2026-05-30,P009,46,87
2026-05-30,P010,42,34
2026-05-30,P011,32,28
2026-05-30,P012,30,23
2026-05-30,P013,80,64
2026-05-30,P014,28,60
2026-05-30,P015,90,75
2026-05-30,P016,80,77
2026-05-30,P017,49,44
2026-05-30,P018,84,81
2026-05-30,P019,29,21
2026-05-30,P020,98,97
2026-05-31,P001,98,90
2026-05-31,P002,43,36
2026-05-31,P003,26,74
2026-05-31,P004,59,54
2026-05-31,P005,22,16
2026-05-31,P006,89,87
2026-05-31,P007,23,17
2026-05-31,P008,76,69
2026-05-31,P009,87,75
2026-05-31,P010,34,28
2026-05-31,P011,28,22
2026-05-31,P012,23,54
2026-05-31,P013,64,51
2026-05-31,P014,60,56
2026-05-31,P015,75,60
2026-05-31,P016,77,75
2026-05-31,P017,44,40
2026-05-31,P018,81,77
2026-05-31,P019,21,73
2026-05-31,P020,97,96
2026-06-01,P001,90,83
2026-06-01,P002,36,32
2026-06-01,P003,74,66
2026-06-01,P004,54,52
2026-06-01,P005,16,13
2026-06-01,P006,87,125
2026-06-01,P007,17,65
2026-06-01,P008,69,62
2026-06-01,P009,75,61
2026-06-01,P010,28,106
2026-06-01,P011,22,20
2026-06-01,P012,54,47
2026-06-01,P013,51,39
2026-06-01,P014,56,48
2026-06-01,P015,60,45
2026-06-01,P016,75,75
2026-06-01,P017,40,33
2026-06-01,P018,77,77
2026-06-01,P019,73,67
2026-06-01,P020,96,95
2026-06-02,P001,83,75
2026-06-02,P002,32,27
2026-06-02,P003,66,57
2026-06-02,P004,52,44
2026-06-02,P005,13,52
2026-06-02,P006,125,123
2026-06-02,P007,65,59
2026-06-02,P008,62,56
2026-06-02,P009,61,52
2026-06-02,P010,106,98
2026-06-02,P011,20,17
2026-06-02,P012,47,41
2026-06-02,P013,39,112
2026-06-02,P014,48,40
2026-06-02,P015,45,79
2026-06-02,P016,75,71
2026-06-02,P017,33,29
2026-06-02,P018,77,77
2026-06-02,P019,67,61
2026-06-02,P020,95,95
2026-06-03,P001,75,61
2026-06-03,P002,27,25
2026-06-03,P003,57,45
2026-06-03,P004,44,43
2026-06-03,P005,52,48
2026-06-03,P006,123,122
2026-06-03,P007,59,56
2026-06-03,P008,56,52
2026-06-03,P009,52,108
2026-06-03,P010,98,94
2026-06-03,P011,17,12
2026-06-03,P012,41,34
2026-06-03,P013,112,100
2026-06-03,P014,40,31
2026-06-03,P015,79,70
2026-06-03,P016,71,68
2026-06-03,P017,29,26
2026-06-03,P018,77,76
2026-06-03,P019,61,54
2026-06-03,P020,95,94
2026-06-04,P001,61,47
2026-06-04,P002,25,18
2026-06-04,P003,45,29
2026-06-04,P004,43,38
2026-06-04,P005,48,42
2026-06-04,P006,122,122
2026-06-04,P007,56,51
2026-06-04,P008,52,44
2026-06-04,P009,108,93
2026-06-04,P010,94,88
2026-06-04,P011,12,74
2026-06-04,P012,34,28
2026-06-04,P013,100,90
2026-06-04,P014,31,16
2026-06-04,P015,70,60
2026-06-04,P016,68,64
2026-06-04,P017,26,20
2026-06-04,P018,76,76
2026-06-04,P019,54,52
2026-06-04,P020,94,92
2026-06-05,P001,47,96
2026-06-05,P002,18,55
2026-06-05,P003,29,18
2026-06-05,P004,38,32
2026-06-05,P005,42,40
2026-06-05,P006,122,120
2026-06-05,P007,51,47
2026-06-05,P008,44,29
2026-06-05,P009,93,82
2026-06-05,P010,88,85
2026-06-05,P011,74,73
2026-06-05,P012,28,21
2026-06-05,P013,90,78
2026-06-05,P014,16,67
2026-06-05,P015,60,55
2026-06-05,P016,64,62
2026-06-05,P017,20,12
2026-06-05,P018,76,76
2026-06-05,P019,52,45
2026-06-05,P020,92,90
2026-06-06,P001,96,82
2026-06-06,P002,55,49
2026-06-06,P003,18,1
2026-06-06,P004,32,24
2026-06-06,P005,40,33
2026-06-06,P006,120,117
2026-06-06,P007,47,43
2026-06-06,P008,29,109
2026-06-06,P009,82,56
2026-06-06,P010,85,80
2026-06-06,P011,73,70
2026-06-06,P012,21,14
2026-06-06,P013,78,61
2026-06-06,P014,67,60
2026-06-06,P015,55,46
2026-06-06,P016,62,60
2026-06-06,P017,12,46
2026-06-06,P018,76,74
2026-06-06,P019,45,40
2026-06-06,P020,90,90
2026-06-07,P001,82,66
2026-06-07,P002,49,31
2026-06-07,P003,1,48
2026-06-07,P004,24,16
2026-06-07,P005,33,30
2026-06-07,P006,117,113
2026-06-07,P007,43,38
2026-06-07,P008,109,100
2026-06-07,P009,56,124
2026-06-07,P010,80,71
2026-06-07,P011,70,64
2026-06-07,P012,14,44
2026-06-07,P013,61,46
2026-06-07,P014,60,51
2026-06-07,P015,46,78
2026-06-07,P016,60,57
2026-06-07,P017,46,39
2026-06-07,P018,74,74
2026-06-07,P019,40,33
2026-06-07,P020,90,89
2026-06-08,P001,66,57
2026-06-08,P002,31,24
2026-06-08,P003,48,39
2026-06-08,P004,16,94
2026-06-08,P005,30,25
2026-06-08,P006,113,110
2026-06-08,P007,38,33
2026-06-08,P008,100,90
2026-06-08,P009,124,108
2026-06-08,P010,71,57
2026-06-08,P011,64,57
2026-06-08,P012,44,41
2026-06-08,P013,46,34
2026-06-08,P014,51,45
2026-06-08,P015,78,60
2026-06-08,P016,57,55
2026-06-08,P017,39,33
2026-06-08,P018,74,74
2026-06-08,P019,33,26
2026-06-08,P020,89,88
2026-06-09,P001,57,40
2026-06-09,P002,24,58
2026-06-09,P003,39,114
2026-06-09,P004,94,89
2026-06-09,P005,25,18
2026-06-09,P006,110,108
2026-06-09,P007,33,29
2026-06-09,P008,90,81
2026-06-09,P009,108,116
2026-06-09,P010,57,53
2026-06-09,P011,57,55
2026-06-09,P012,41,31
2026-06-09,P013,34,115
2026-06-09,P014,45,37
2026-06-09,P015,60,42
2026-06-09,P016,55,52
2026-06-09,P017,33,30
2026-06-09,P018,74,74
2026-06-09,P019,26,21
2026-06-09,P020,88,84
2026-06-10,P001,40,72
2026-06-10,P002,58,54
2026-06-10,P003,114,109
2026-06-10,P004,89,82
2026-06-10,P005,18,15
2026-06-10,P006,108,105
2026-06-10,P007,29,25
2026-06-10,P008,81,76
2026-06-10,P009,116,102
2026-06-10,P010,53,42
2026-06-10,P011,55,51
2026-06-10,P012,31,26
2026-06-10,P013,115,104
2026-06-10,P014,37,29
2026-06-10,P015,42,28
2026-06-10,P016,52,51
2026-06-10,P017,30,23
2026-06-10,P018,74,74
2026-06-10,P019,21,18
2026-06-10,P020,84,82
2026-06-11,P001,72,63
2026-06-11,P002,54,50
2026-06-11,P003,109,96
2026-06-11,P004,82,80
2026-06-11,P005,15,10
2026-06-11,P006,105,103
2026-06-11,P007,25,23
2026-06-11,P008,76,69
2026-06-11,P009,102,91
2026-06-11,P010,42,41
2026-06-11,P011,51,51
2026-06-11,P012,26,21
2026-06-11,P013,104,93
2026-06-11,P014,29,87
2026-06-11,P015,28,16
2026-06-11,P016,51,49
2026-06-11,P017,23,20
2026-06-11,P018,74,70
2026-06-11,P019,18,53
2026-06-11,P020,82,77
2026-06-12,P001,63,56
2026-06-12,P002,50,46
2026-06-12,P003,96,86
2026-06-12,P004,80,75
2026-06-12,P005,10,44
2026-06-12,P006,103,100
2026-06-12,P007,23,17
2026-06-12,P008,69,61
2026-06-12,P009,91,79
2026-06-12,P010,41,33
2026-06-12,P011,51,49
2026-06-12,P012,21,53
2026-06-12,P013,93,91
2026-06-12,P014,87,82
2026-06-12,P015,16,6
2026-06-12,P016,49,47
2026-06-12,P017,20,13
2026-06-12,P018,70,70
2026-06-12,P019,53,46
2026-06-12,P020,77,75
2026-06-13,P001,56,47
2026-06-13,P002,46,39
2026-06-13,P003,86,73
2026-06-13,P004,75,72
2026-06-13,P005,44,41
2026-06-13,P006,100,98
2026-06-13,P007,17,12
2026-06-13,P008,61,40
2026-06-13,P009,79,66
2026-06-13,P010,33,21
2026-06-13,P011,49,43
2026-06-13,P012,53,49
2026-06-13,P013,91,82
2026-06-13,P014,82,69
2026-06-13,P015,6,64
2026-06-13,P016,47,44
2026-06-13,P017,13,86
2026-06-13,P018,70,67
2026-06-13,P019,46,37
2026-06-13,P020,75,74
2026-06-14,P001,47,100
2026-06-14,P002,39,36
2026-06-14,P003,73,59
2026-06-14,P004,72,67
2026-06-14,P005,41,36
2026-06-14,P006,98,95
2026-06-14,P007,12,56
2026-06-14,P008,40,28
2026-06-14,P009,66,48
2026-06-14,P010,21,83
2026-06-14,P011,43,38
2026-06-14,P012,49,41
2026-06-14,P013,82,72
2026-06-14,P014,69,61
2026-06-14,P015,64,49
2026-06-14,P016,44,43
2026-06-14,P017,86,84
2026-06-14,P018,67,65
2026-06-14,P019,37,31
2026-06-14,P020,74,70
2026-06-15,P001,100,85
2026-06-15,P002,36,32
2026-06-15,P003,59,58
2026-06-15,P004,67,65
2026-06-15,P005,36,29
2026-06-15,P006,95,94
2026-06-15,P007,56,53
2026-06-15,P008,28,23
2026-06-15,P009,48,75
2026-06-15,P010,83,76
2026-06-15,P011,38,31
2026-06-15,P012,41,35
2026-06-15,P013,72,64
2026-06-15,P014,61,56
2026-06-15,P015,49,90
2026-06-15,P016,43,41
2026-06-15,P017,84,79
2026-06-15,P018,65,65
2026-06-15,P019,31,27
2026-06-15,P020,70,67
2026-06-16,P001,85,81
2026-06-16,P002,32,25
2026-06-16,P003,58,52
2026-06-16,P004,65,56
2026-06-16,P005,29,24
2026-06-16,P006,94,91
2026-06-16,P007,53,51
2026-06-16,P008,23,90
2026-06-16,P009,75,63
2026-06-16,P010,76,73
2026-06-16,P011,31,30
2026-06-16,P012,35,32
2026-06-16,P013,64,59
2026-06-16,P014,56,50
2026-06-16,P015,90,74
2026-06-16,P016,41,39
2026-06-16,P017,79,75
2026-06-16,P018,65,64
2026-06-16,P019,27,24
2026-06-16,P020,67,64
2026-06-17,P001,81,62
2026-06-17,P002,25,24
2026-06-17,P003,52,45
2026-06-17,P004,56,50
2026-06-17,P005,24,17
2026-06-17,P006,91,89
2026-06-17,P007,51,44
2026-06-17,P008,90,85
2026-06-17,P009,63,47
2026-06-17,P010,73,69
2026-06-17,P011,30,24
2026-06-17,P012,32,26
2026-06-17,P013,59,53
2026-06-17,P014,50,44
2026-06-17,P015,74,58
2026-06-17,P016,39,36
2026-06-17,P017,75,73
2026-06-17,P018,64,63
2026-06-17,P019,24,107
2026-06-17,P020,64,63
2026-06-18,P001,62,56
2026-06-18,P002,24,76
2026-06-18,P003,45,35
2026-06-18,P004,50,48
2026-06-18,P005,17,15
2026-06-18,P006,89,85
2026-06-18,P007,44,37
2026-06-18,P008,85,79
2026-06-18,P009,47,82
2026-06-18,P010,69,64
2026-06-18,P011,24,19
2026-06-18,P012,26,22
2026-06-18,P013,53,45
2026-06-18,P014,44,39
2026-06-18,P015,58,51
2026-06-18,P016,36,35
2026-06-18,P017,73,69
2026-06-18,P018,63,62
2026-06-18,P019,107,106
2026-06-18,P020,63,63
2026-06-19,P001,56,50
2026-06-19,P002,76,72
2026-06-19,P003,35,25
2026-06-19,P004,48,45
2026-06-19,P005,15,13
2026-06-19,P006,85,82
2026-06-19,P007,37,35
2026-06-19,P008,79,74
2026-06-19,P009,82,71
2026-06-19,P010,64,59
2026-06-19,P011,19,14
2026-06-19,P012,22,12
2026-06-19,P013,45,42
2026-06-19,P014,39,34
2026-06-19,P015,51,80
2026-06-19,P016,35,35
2026-06-19,P017,69,64
2026-06-19,P018,62,61
2026-06-19,P019,106,103
2026-06-19,P020,63,62
2026-06-20,P001,50,42
2026-06-20,P002,72,64
2026-06-20,P003,25,95
2026-06-20,P004,45,41
2026-06-20,P005,13,78
2026-06-20,P006,82,79
2026-06-20,P007,35,32
2026-06-20,P008,74,66
2026-06-20,P009,71,63
2026-06-20,P010,59,50
2026-06-20,P011,14,87
2026-06-20,P012,12,60
2026-06-20,P013,42,80
2026-06-20,P014,34,97
2026-06-20,P015,80,67
2026-06-20,P016,35,33
2026-06-20,P017,64,58
2026-06-20,P018,61,61
2026-06-20,P019,103,103
2026-06-20,P020,62,61
2026-06-21,P001,42,92
2026-06-21,P002,64,62
2026-06-21,P003,95,88
2026-06-21,P004,41,35
2026-06-21,P005,78,75
2026-06-21,P006,79,78
2026-06-21,P007,32,28
2026-06-21,P008,66,61
2026-06-21,P009,63,59
2026-06-21,P010,50,43
2026-06-21,P011,87,83
2026-06-21,P012,60,54
2026-06-21,P013,80,68
2026-06-21,P014,97,83
2026-06-21,P015,67,54
2026-06-21,P016,33,31
2026-06-21,P017,58,56
2026-06-21,P018,61,60
2026-06-21,P019,103,100
2026-06-21,P020,61,56
2026-06-22,P001,92,88
2026-06-22,P002,62,59
2026-06-22,P003,88,80
2026-06-22,P004,35,29
2026-06-22,P005,75,73
2026-06-22,P006,78,78
2026-06-22,P007,28,24
2026-06-22,P008,61,56
2026-06-22,P009,59,120
2026-06-22,P010,43,39
2026-06-22,P011,83,82
2026-06-22,P012,54,48
2026-06-22,P013,68,61
2026-06-22,P014,83,72
2026-06-22,P015,54,105
2026-06-22,P016,31,27
2026-06-22,P017,56,55
2026-06-22,P018,60,59
2026-06-22,P019,100,96
2026-06-22,P020,56,55
2026-06-23,P001,88,80
2026-06-23,P002,59,55
2026-06-23,P003,80,70
2026-06-23,P004,29,24
2026-06-23,P005,73,73
2026-06-23,P006,78,72
2026-06-23,P007,24,16
2026-06-23,P008,56,50
2026-06-23,P009,120,113
2026-06-23,P010,39,30
2026-06-23,P011,82,79
2026-06-23,P012,48,42
2026-06-23,P013,61,59
2026-06-23,P014,72,61
2026-06-23,P015,105,93
2026-06-23,P016,27,23
2026-06-23,P017,55,53
2026-06-23,P018,59,58
2026-06-23,P019,96,93
2026-06-23,P020,55,53
2026-06-24,P001,80,67
2026-06-24,P002,55,50
2026-06-24,P003,70,64
2026-06-24,P004,24,22
2026-06-24,P005,73,68
2026-06-24,P006,72,71
2026-06-24,P007,16,61
2026-06-24,P008,50,47
2026-06-24,P009,113,106
2026-06-24,P010,30,27
2026-06-24,P011,79,74
2026-06-24,P012,42,37
2026-06-24,P013,59,52
2026-06-24,P014,61,56
2026-06-24,P015,93,87
2026-06-24,P016,23,23
2026-06-24,P017,53,50
2026-06-24,P018,58,58
2026-06-24,P019,93,89
2026-06-24,P020,53,53
2026-06-25,P001,67,62
2026-06-25,P002,50,44
2026-06-25,P003,64,55
2026-06-25,P004,22,22
2026-06-25,P005,68,65
2026-06-25,P006,71,66
2026-06-25,P007,61,59
2026-06-25,P008,47,45
2026-06-25,P009,106,99
2026-06-25,P010,27,62
2026-06-25,P011,74,71
2026-06-25,P012,37,34
2026-06-25,P013,52,48
2026-06-25,P014,56,48
2026-06-25,P015,87,69
2026-06-25,P016,23,22
2026-06-25,P017,50,45
2026-06-25,P018,58,58
2026-06-25,P019,89,82
2026-06-25,P020,53,52
2026-06-26,P001,62,57
2026-06-26,P002,44,38
2026-06-26,P003,55,41
2026-06-26,P004,22,18
2026-06-26,P005,65,63
2026-06-26,P006,66,64
2026-06-26,P007,59,51
2026-06-26,P008,45,38
2026-06-26,P009,99,89
2026-06-26,P010,62,58
2026-06-26,P011,71,70
2026-06-26,P012,34,30
2026-06-26,P013,48,37
2026-06-26,P014,48,41
2026-06-26,P015,69,58
2026-06-26,P016,22,21
2026-06-26,P017,45,39
2026-06-26,P018,58,55
2026-06-26,P019,82,76
2026-06-26,P020,52,51
2026-06-27,P001,57,49
2026-06-27,P002,38,31
2026-06-27,P003,41,29
2026-06-27,P004,18,89
2026-06-27,P005,63,59
2026-06-27,P006,64,62
2026-06-27,P007,51,48
2026-06-27,P008,38,32
2026-06-27,P009,89,78
2026-06-27,P010,58,55
2026-06-27,P011,70,65
2026-06-27,P012,30,16
2026-06-27,P013,37,86
2026-06-27,P014,41,32
2026-06-27,P015,58,45
2026-06-27,P016,21,18
2026-06-27,P017,39,31
2026-06-27,P018,55,52
2026-06-27,P019,76,112
2026-06-27,P020,51,47
2026-06-28,P001,49,37
2026-06-28,P002,31,24
2026-06-28,P003,29,56
2026-06-28,P004,89,81
2026-06-28,P005,59,54
2026-06-28,P006,62,60
2026-06-28,P007,48,41
2026-06-28,P008,32,77
2026-06-28,P009,78,67
2026-06-28,P010,55,48
2026-06-28,P011,65,61
2026-06-28,P012,16,11
2026-06-28,P013,86,79
2026-06-28,P014,32,113
2026-06-28,P015,45,86
2026-06-28,P016,18,15
2026-06-28,P017,31,24
2026-06-28,P018,52,52
2026-06-28,P019,112,104
2026-06-28,P020,47,46
2026-06-29,P001,37,73
2026-06-29,P002,24,104
2026-06-29,P003,56,50
2026-06-29,P004,81,77
2026-06-29,P005,54,51
2026-06-29,P006,60,58
2026-06-29,P007,41,37
2026-06-29,P008,77,72
2026-06-29,P009,67,60
2026-06-29,P010,48,47
2026-06-29,P011,61,60
2026-06-29,P012,11,73
2026-06-29,P013,79,69
2026-06-29,P014,113,109
2026-06-29,P015,86,74
2026-06-29,P016,15,13
2026-06-29,P017,24,21
2026-06-29,P018,52,51
2026-06-29,P019,104,99
2026-06-29,P020,46,44
